駅数,事業者名,路線名,駅名,所在地,ホームの形状,設置ホーム（番線）,ホームドアの種別,設置年月,備考,,当該路線の設置状況
1,JR北海道,北海道新幹線,奥津軽いまべつ,青森県東津軽郡,相対式2面3線,11・12番線,可動式ホーム柵,2016/03/01 00:00,,,◎全駅
2,JR北海道,北海道新幹線,木古内,北海道上磯郡,相対式2面3線,11・12番線,可動式ホーム柵,2016/03/01 00:00,,,
3,JR北海道,北海道新幹線,新函館北斗,北海道北斗市,相対式・島式2面2線,11・12番線,可動式ホーム柵,2016/03/01 00:00,,在来線ホームは未設置,
1,JR東日本,東北新幹線,くりこま高原,宮城県栗原市,相対式2面2線,11・12番線,可動式ホーム柵,1990/03/01 00:00,,,△一部の駅
2,JR東日本,東北新幹線,水沢江刺,岩手県奥州市,相対式2面2線,1・2番線,可動式ホーム柵,1985/03/01 00:00,,,
3,JR東日本,東北新幹線,新花巻,岩手県花巻市,相対式2面2線,1・2番線,可動式ホーム柵,1985/03/01 00:00,,在来線ホームは未設置,
4,JR東日本,東北新幹線,いわて沼宮内,岩手県岩手町,相対式2面2線,1・2番線,可動式ホーム柵,2002/12/01 00:00,,,
5,JR東日本,東北新幹線,二戸,岩手県二戸市,相対式2面2線,1・2番線,可動式ホーム柵,2002/12/01 00:00,,,
6,JR東日本,東北新幹線,八戸,青森県八戸市,島式2面4線,12・13番線のみ,可動式ホーム柵,2002/12/01 00:00,,11・14番線（外側）は未設置、在来線ホーム（1・2・3・4・5番線）は未設置,
7,JR東日本,東北新幹線,七戸十和田,青森県七戸町,相対式2面2線,1・2番線,可動式ホーム柵,2010/12/01 00:00,,,
8,JR東日本,東北新幹線,新青森,青森県青森市,島式2面4線,11・12・13・14番線,可動式ホーム柵,2010/12/01 00:00,,在来線ホーム（1・2番線）は未設置,
9,JR東日本,上越新幹線,新潟,新潟県新潟市,島式3面4線,11番線(5番線側)ホーム,可動式ホーム柵,2018/04/01 00:00,,"11（12番線側）,12,13,14番線ホーム及び在来線は未設置",△一部の駅
10,JR東日本,北陸新幹線,安中榛名,群馬県安中市,相対式2面2線,1・2番線,可動式ホーム柵,1997/10/01 00:00,,,△一部の駅
11,JR東日本,北陸新幹線,軽井沢,長野県軽井沢町,相対式2面4線,2・3番線,可動式ホーム柵,2017/04/01 00:00,,1・4番線ホームは未設置,
12,JR東日本,北陸新幹線,佐久平,長野県佐久市,相対式2面2線,1・2番線,可動式ホーム柵,1997/10/01 00:00,,在来線ホームは未設置,
13,JR東日本,北陸新幹線,上田,長野県上田市,相対式2面2線,1・2番線,可動式ホーム柵,1997/10/01 00:00,,,
14,JR東日本,北陸新幹線,飯山,長野県飯山市,相対式2面2線,11・12番線,可動式ホーム柵,2015/03/01 00:00,,在来線ホームは未設置,
15,JR東日本,北陸新幹線,上越妙高,新潟県上越市,相対式2面4線,11・12・13・14番線,可動式ホーム柵,2015/03/01 00:00,,,
16,JR東日本,山手線,恵比寿,東京都渋谷区,島式1面2線,1・2番線,可動式ホーム柵,2010/06/01 00:00,○,ＪＲ東日本埼京線・湘南新宿ラインホーム（3・4番線）は未設置,△一部の駅
17,JR東日本,山手線,目黒,東京都品川区,島式1面2線,1・2番線,可動式ホーム柵,2010/08/01 00:00,○,,
18,JR東日本,山手線,大崎,東京都品川区,島式2面4線,1･3番線,可動式ホーム柵,2012/12/01 00:00,○,始発、終着ホーム（2・4番線）及び山手線以外は未設置,
19,JR東日本,山手線,池袋,東京都豊島区,島式2面4線,6･7番線,可動式ホーム柵,2013/03/01 00:00,○,始発、終着ホーム（5・8番線）及び山手線以外は未設置,
20,JR東日本,山手線,大塚,東京都豊島区,島式1面2線,1・2番線,可動式ホーム柵,2013/04/01 00:00,○,,
21,JR東日本,山手線,巣鴨,東京都豊島区,島式1面2線,1・2番線,可動式ホーム柵,2013/06/01 00:00,○,,
22,JR東日本,山手線,駒込,東京都豊島区,島式1面2線,1・2番線,可動式ホーム柵,2013/08/01 00:00,,,
23,JR東日本,山手線,新大久保,東京都新宿区,島式1面2線,1・2番線,可動式ホーム柵,2013/09/01 00:00,○,,
24,JR東日本,山手線,目白,東京都豊島区,島式1面2線,1・2番線,可動式ホーム柵,2013/11/01 00:00,,,
25,JR東日本,山手線,高田馬場,東京都新宿区,島式1面2線,1・2番線,可動式ホーム柵,2013/12/01 00:00,○,,
26,JR東日本,山手線,田町,東京都港区,島式2面4線,2･3番線,可動式ホーム柵,2014/03/01 00:00,○,ＪＲ東日本京浜東北線ホーム（1・4番線）は未設置,
27,JR東日本,山手線,御徒町,東京都台東区,島式2面4線,2･3番線,可動式ホーム柵,2014/05/01 00:00,○,,
28,JR東日本,山手線,西日暮里,東京都荒川区,島式2面4線,2･3番線,可動式ホーム柵,2014/06/01 00:00,○,ＪＲ東日本京浜東北線ホーム（1・4番線）は未設置,
29,JR東日本,山手線,有楽町,東京都千代田区,島式2面4線,2･3番線,可動式ホーム柵,2014/08/01 00:00,○,,
30,JR東日本,山手線,鶯谷,東京都台東区,島式2面4線,2･3番線,可動式ホーム柵,2014/10/01 00:00,,ＪＲ東日本京浜東北線ホーム（1・4番線）は未設置,
31,JR東日本,山手線,原宿,東京都渋谷区,島式1面2線,1･2番線,可動式ホーム柵,2014/12/01 00:00,○,,
32,JR東日本,山手線,田端,東京都北区,島式2面4線,2･3番線,可動式ホーム柵,2015/02/01 00:00,,ＪＲ東日本京浜東北線ホーム（1・4番線）は未設置,
33,JR東日本,山手線,五反田,東京都品川区,島式1面2線,1･2番線,可動式ホーム柵,2015/03/01 00:00,○,,
34,JR東日本,山手線,秋葉原,東京都千代田区,島式2面4線,2･3番線,可動式ホーム柵,2015/06/01 00:00,○,ＪＲ東日本中央・総武線ホーム（5･6番線）は未設置,
35,JR東日本,山手線,代々木,東京都渋谷区,相対式1面1線、島式1面2線,1･2番線,可動式ホーム柵,2015/10/01 00:00,○,ＪＲ東日本中央・総武線ホーム（3・4番線）は未設置,
36,JR東日本,山手線,上野,東京都台東区,島式2面4線,2･3番線,可動式ホーム柵,2015/12/01 00:00,○,山手線・京浜東北線ホーム（1･2･3･4番線）以外は未設置,
37,JR東日本,山手線,神田,東京都千代田区,島式2面4線,2･3番線,可動式ホーム柵,2016/02/01 00:00,○,ＪＲ東日本京浜東北線・中央線ホーム（1・4・5・6番線）は未設置,
38,JR東日本,山手線,日暮里,東京都荒川区,島式2面4線,10･11番線,可動式ホーム柵,2016/03/01 00:00,○,ＪＲ東日本京浜東北線・常磐線ホーム（3・4・9・12番線）は未設置,
39,JR東日本,山手線,品川,東京都港区,島式1面2線,1･2番線,可動式ホーム柵,2016/08/01 00:00,○,山手線・京浜東北線ホーム（1･2･5番線）以外は未設置,
40,JR東日本,山手線,高輪ゲートウェイ,東京都港区,島式1面2線,1･2番線,可動式ホーム柵,2020/03/01 00:00,,,
41,JR東日本,山手線,新橋,東京都港区,島式2面4線,4･5番線,可動式ホーム柵,2019/10/01 00:00,○,,
42,JR東日本,山手線,浜松町,東京都港区,島式2面4線,2･3番線,可動式ホーム柵,2020/03/01 00:00,○,,
43,JR東日本,京浜東北線,赤羽,東京都北区,島式1面2線,1・2番線,可動式ホーム柵,2017/03/01 00:00,○,京浜東北線ホーム以外は未設置,△一部の駅
44,JR東日本,京浜東北線,さいたま新都心,埼玉県さいたま市,島式1面2線,1・2番線,可動式ホーム柵,2017/09/01 00:00,○,京浜東北線ホーム以外は未設置,
45,JR東日本,京浜東北線,浦和,埼玉県さいたま市,島式1面2線,1・2番線,可動式ホーム柵,2017/10/01 00:00,○,京浜東北線ホーム以外は未設置,
,JR東日本,京浜東北線,上野,東京都台東区,島式2面4線,1・4番線,可動式ホーム柵,2017/12/01 00:00,○,（参照）【ＪＲ東日本山手線】,
46,JR東日本,京浜東北線,大井町,東京都品川区,島式1面2線,1・2番線,可動式ホーム柵,2018/02/01 00:00,○,,
47,JR東日本,京浜東北線,鶴見,神奈川県横浜市,島式1面2線,1・2番線,可動式ホーム柵,2018/03/01 00:00,○,京浜東北線ホーム以外は未設置,
48,JR東日本,京浜東北線,桜木町,神奈川県横浜市,島式2面3線,1・4番線,可動式ホーム柵,2018/08/01 00:00,○,1・4番線ホーム以外は未設置,
,JR東日本,京浜東北線,有楽町,東京都千代田区,島式2面4線,1・4番線,可動式ホーム柵,2018/09/01 00:00,○,（参照）【ＪＲ東日本山手線】,
,JR東日本,京浜東北線,御徒町,東京都台東区,島式2面4線,1・4番線,可動式ホーム柵,2018/12/01 00:00,○,（参照）【ＪＲ東日本山手線】,
49,JR東日本,京浜東北線,東神奈川,神奈川県横浜市,島式2面4線,1・4番線,可動式ホーム柵,2018/12/01 00:00,,1・4番線ホーム以外は未設置,
,JR東日本,京浜東北線,品川,東京都港区,島式1面1線､島式1面2線,5番線,可動式ホーム柵,2018/12/01 00:00,○,（参照）【ＪＲ東日本山手線】,
50,JR東日本,京浜東北線,王子,東京都北区,1面2線,1・2番線,可動式ホーム柵,2019/02/01 00:00,○,,
,JR東日本,京浜東北線,秋葉原,東京都千代田区,2面4線,1・4番線,可動式ホーム柵,2019/02/01 00:00,○,（参照）【ＪＲ東日本山手線】,
51,JR東日本,京浜東北線,南浦和,埼玉県さいたま市,2面4線,1番線,可動式ホーム柵,2019/02/01 00:00,○,京浜東北線南行ホーム（1番線）以外は未設置,
,JR東日本,京浜東北線,西日暮里,東京都荒川区,島式2面4線,1・4番線,可動式ホーム柵,2019/04/01 00:00,○,（参照）【ＪＲ東日本山手線】,
52,JR東日本,京浜東北線,川口,埼玉県川口市,島式1面2線,1・2番線,可動式ホーム柵,2019/06/01 00:00,○,,
,JR東日本,京浜東北線,高輪ゲートウェイ,東京都港区,島式1面2線,3・4番線,可動式ホーム柵,2020/03/01 00:00,,（参照）【ＪＲ東日本山手線】,
53,JR東日本,京浜東北線,西川口,埼玉県川口市,島式1面2線,1・2番線,可動式ホーム柵,2019/07/01 00:00,○,,
54,JR東日本,京浜東北線,大森,東京都大田区,島式1面2線,1・2番線,可動式ホーム柵,2019/09/01 00:00,○,,
,JR東日本,京浜東北線,神田,東京都千代田区,島式2面4線,1・4番線,可動式ホーム柵,2019/10/01 00:00,○,（参照）【ＪＲ東日本山手線】,
55,JR東日本,京浜東北線,横浜,神奈川県横浜市西区,島式1面2線,3・4番線,可動式ホーム柵,2019/11/01 00:00,○,,
56,JR東日本,京浜東北線,蒲田,東京都大田区,島式2面3線,1・4番線,可動式ホーム柵,2019/11/01 00:00,○,,
57,JR東日本,京浜東北線,北浦和,埼玉県さいたま市,島式1面2線,1・2番線,可動式ホーム柵,2019/12/01 00:00,○,,
,JR東日本,京浜東北線,新橋,東京都港区,島式2面4線,3・6番線,可動式ホーム柵,2019/12/01 00:00,○,（参照）【ＪＲ東日本山手線】,
58,JR東日本,京浜東北線,蕨,埼玉県蕨市,島式1面2線,1・2番線,可動式ホーム柵,2020/02/01 00:00,○,,
59,JR東日本,総武快速線,新小岩,東京都葛飾区,1面2線,3・4番線,可動式ホーム柵,2018/12/01 00:00,○,総武快速線ホーム（3・4番線）以外は未設置,△一部の駅
60,JR東日本,横浜線,町田,東京都町田市,島式2面4線,4番線,可動式ホーム柵,2017/07/01 00:00,○,,△一部の駅
61,JR東日本,八高線,拝島,東京都昭島市,島式1面2線,5番線,昇降式ホーム柵,2015/03/01 00:00,,,△一部の駅
62,JR東日本,成田線,空港第２ビル駅,千葉県成田市,相対式１面１線,1番線,昇降式ホーム柵,2020/03/01 00:00,,,△一部の駅
63,JR東日本,成田線,成田空港駅,千葉県成田市,島式１面２線,1･2番線,昇降式ホーム柵,2020/03/01 00:00,,,
1,JR東海,東海道新幹線,東京,東京都千代田区,島式3面6線,14～19番線,可動式ホーム柵,2013/03/01 00:00,○,,△一部の駅
2,JR東海,東海道新幹線,品川,東京都港区,島式2面4線,21・23・24番線,可動式ホーム柵,2003/10/01 00:00,,23番線はH29.9に供用開始、22番線は未設置（固定柵設置）,
3,JR東海,東海道新幹線,新横浜,神奈川県横浜市港北区,島式2面4線,1・2・3・4番線,可動式ホーム柵,1985/01/01 00:00,,1番線はH30.3、4番線はH28.3に供用開始,
4,JR東海,東海道新幹線,熱海,静岡県熱海市,相対式2面2線,6・7番線,可動式ホーム柵,1974/01/01 00:00,,,
5,JR東海,東海道新幹線,名古屋,愛知県愛知県名古屋市中村区,島式2面4線,14～17番線,可動式ホーム柵,2014/03/01 00:00,○,,
6,JR東海,東海道新幹線,京都,京都府京都市下京区,島式2面4線,11～14番線,可動式ホーム柵,2015/01/01 00:00,,,
7,JR東海,東海道新幹線,新大阪,大阪府大阪市淀川区,単式2面2線・島式3面6線,26・27番線,可動式ホーム柵,2013/03/01 00:00,○,20～25番線は未設置（固定柵設置）,
1,JR西日本,北陸新幹線,糸魚川,新潟県糸魚川市,相対式2面2線,11・12番線,可動式ホーム柵,2015/03/01 00:00,,在来線ホームは未設置,◎全駅
2,JR西日本,北陸新幹線,黒部宇奈月温泉,富山県黒部市,相対式2面2線,1・2番線,可動式ホーム柵,2015/03/01 00:00,,,
3,JR西日本,北陸新幹線,富山,富山県富山市,島式2面4線,11・12・13・14番線,可動式ホーム柵,2015/03/01 00:00,,在来線ホームは未設置,
4,JR西日本,北陸新幹線,新高岡,富山県高岡市,相対式2面2線,1・2番線,可動式ホーム柵,2015/03/01 00:00,,在来線ホームは未設置,
5,JR西日本,北陸新幹線,金沢,石川県金沢市,島式2面4線,11・12・13・14番線,可動式ホーム柵,2015/03/01 00:00,,在来線ホームは未設置,
6,JR西日本,山陽新幹線,新神戸,兵庫県神戸市中央区,相対式2面2線,1・2番線,可動式ホーム柵,1977/12/01 00:00,,,△一部の駅
7,JR西日本,山陽新幹線,岡山,岡山県岡山市,島式2面4線,22番線,可動式ホーム柵,2019/12/01 00:00,○,21・23・24番線は未設置、在来線ホームは未設置,
8,JR西日本,ＪＲ東西線,北新地,大阪府大阪市,島式1面2線,1・2番線,可動式ホーム柵,2011/03/01 00:00,○,,△一部の駅
9,JR西日本,ＪＲ東西線,大阪天満宮,大阪府大阪市,島式1面2線,1・2番線,可動式ホーム柵,2012/03/01 00:00,,,
10,JR西日本,ＪＲ東西線,京橋,大阪府大阪市,相対式4面4線,1･2・3・4番線,可動式ホーム柵,2016/03/01 00:00,○,3番線はR1.10設置、4番線はR2.3設置,
11,JR西日本,東海道本線,六甲道,兵庫県神戸市,島式2面4線,3番線,昇降式ホーム柵,2015/04/01 00:00,,1･2･4番線は未設置,△一部の駅
12,JR西日本,東海道本線,高槻,大阪府高槻市,島式2面4線、相対式2面2線,1・2･5･6番線,昇降式ホーム柵,2016/03/01 00:00,○,2･5番線はH31.3可動式を設置3･4番線は未設置,
13,JR西日本,東海道本線,大阪,大阪府大阪市,島式5面10線、相対式1面1線,1・2・5･6・7･8番線,可動式ホーム柵,2017/05/01 00:00,○,5･8番線はH31.3昇降式を設置1番線はR1.12可動式を設置2番線はR2.3可動式を設置3･4･9・10･11番線は未設置,
14,JR西日本,東海道本線,ＪＲ総持寺,大阪府茨木市,島式2面2線,1・2番線,可動式ホーム柵,2018/03/01 00:00,,,
15,JR西日本,東海道本線,三ノ宮,兵庫県神戸市,島式2面4線,2・3番線,昇降式ホーム柵,2019/11/01 00:00,○,1・4番線は未設置,
16,JR西日本,山陽本線,明石,兵庫県明石市,島式2面4線,3・4番線,昇降式ホーム柵,2020/03/01 00:00,○,1・2番線は未設置,△一部の駅
17,JR西日本,山陰本線,梅小路京都西,京都府京都市,相対式2面2線,1・2番線,可動式ホーム柵,2019/03/01 00:00,,,
1,JR九州,九州新幹線,新鳥栖,佐賀県鳥栖市,島式2面4線,11・12・13・14番線,可動式ホーム柵,2011/03/01 00:00,,在来線ホーム（1・2番線）は未設置,△一部の駅
2,JR九州,九州新幹線,久留米,福岡県久留米市,相対式2面2線,11・12番線,可動式ホーム柵,2011/03/01 00:00,,在来線ホーム（1・2・3・4・5番線）は未設置,
3,JR九州,九州新幹線,筑後船小屋,福岡県筑後市,単式1面1線・島式1面2線,11・12・13番線,可動式ホーム柵,2011/03/01 00:00,,在来線ホーム（1・2番線）は未設置,
4,JR九州,九州新幹線,新大牟田,福岡県大牟田市,相対式2面2線,11・12番線,可動式ホーム柵,2011/03/01 00:00,,,
5,JR九州,九州新幹線,新玉名,熊本県玉名市,相対式2面2線,11・12番線,可動式ホーム柵,2011/03/01 00:00,,,
6,JR九州,九州新幹線,熊本,熊本県熊本市西区,島式2面4線,11・12・13・14番線,可動式ホーム柵,2011/03/01 00:00,,在来線ホーム（1・2・3･4・5・6番線）は未設置,
7,JR九州,九州新幹線,新八代,熊本県八代市,相対式2面2線,11・12番線,可動式ホーム柵,2004/03/01 00:00,,在来線ホーム（1・2番線）は未設置,
8,JR九州,九州新幹線,新水俣,熊本県水俣市,島式1面2線・単式1面1線,11・12・13番線,可動式ホーム柵,2004/03/01 00:00,,,
9,JR九州,九州新幹線,出水,鹿児島県出水市,相対式2面2線,11・12番線,可動式ホーム柵,2004/03/01 00:00,,,
10,JR九州,九州新幹線,川内,鹿児島県薩摩川内市,相対式2面2線,11・12番線,可動式ホーム柵,2004/03/01 00:00,,在来線ホーム（1・2番線）は未設置,
11,JR九州,九州新幹線,鹿児島中央,鹿児島県鹿児島市,島式2面4線,11・12・13・14番線,可動式ホーム柵,2004/03/01 00:00,,在来線ホーム（1・2・3・4・5・6番線）は未設置,
12,JR九州,筑肥線,九大学研都市駅,福岡県福岡市西区,島式１面２線,1番線・２番線,可動式ﾎｰﾑ柵,2018/09/01 00:00,,下りはH29.11に設置,△一部の駅
1,東武鉄道,東上線,池袋,東京都豊島区,頭端式3面3線,1・2・3・4番線,可動式ホーム柵,2018/04/01 00:00,○,2・3番線はH31.3に設置、4番線はR1.12に設置5番線はR2.1に固定柵設置,△一部の駅
2,東武鉄道,東上線,和光市,埼玉県和光市,島式2面4線,1・2・3・4番線,可動式ホーム柵,2012/07/01 00:00,○,2・3番線は東京メトロと供用、1・4番線はH28.3に設置,
3,東武鉄道,東上線,朝霞,埼玉県朝霞市,島式2面4線,1・2・3・4番線,可動式ホーム柵,2019/03/01 00:00,,1・2番線はＲ2.3に設置,
4,東武鉄道,東上線,志木,埼玉県新座市,島式2面4線,3・4番線,可動式ホーム柵,2020/02/01 00:00,○,3番線はR2.3に設置1・2番線はR2年度設置予定,
5,東武鉄道,東上線,川越,埼玉県川越市,相対式2面2線,1・2番線,可動式ホーム柵,2018/03/01 00:00,○,,
6,東武鉄道,野田線,船橋,千葉県船橋市,島式1面2線,1・2番線,可動式ホーム柵,2014/03/01 00:00,○,,△一部の駅
7,東武鉄道,野田線,柏,千葉県柏市,頭端式2面4線,1・2・3・4番線,可動式ホーム柵,2015/02/01 00:00,○,3・4番線はH27.3に設置,
1,西武鉄道,池袋線,池袋,東京都豊島区,島式4面7線,2～6番線,可動式ホーム柵,2016/03/01 00:00,○,1・7番線は未設置,△一部の駅
2,西武鉄道,池袋線,練馬,東京都練馬区,島式2面4線,1～4番線,可動式ホーム柵,2020/02/01 00:00,○,,
3,西武鉄道,新宿線,西武新宿,東京都新宿区,くし形2面3線,2番線,可動式ホーム柵,2020/03/01 00:00,○,1・3番線は未設置,△一部の駅
1,京成電鉄,本線,日暮里,東京都荒川区,３面２線（下り線：2面1線）（上り線：1面1線）,1・2番線（下り線）,可動式ホーム柵,2018/02/01 00:00,○,0番線（上り線）はH30.12に設置,△一部の駅
3,京成電鉄,本線,空港第２ビル駅,千葉県成田市,相対式２面４線,1～4番線,可動式ホーム柵,2019/03/01 00:00,,,
1,京王電鉄,京王線,国領,東京都調布市,島式1面2線,1・2番線,可動式ホーム柵,2012/08/01 00:00,,,△一部の駅
2,京王電鉄,京王線,布田,東京都調布市,島式1面2線,1・2番線,ホームドア,2012/08/01 00:00,,,
3,京王電鉄,京王線,調布,東京都調布市,島式二層2面4線,1・2・3・4番線,可動式ホーム柵,2012/09/01 00:00,○,京王相模原線と共用、上下線別の二層構造,
4,京王電鉄,京王線,新宿,東京都新宿区,くし型3面3線,1・2・3番線,可動式ホーム柵,2013/03/01 00:00,○,1番線はH25.10、2番線はH26.3に供用開始,
4,京王電鉄,京王新線,新宿,東京都新宿区,島式1面2線,4・5番線,可動式ホーム柵,2018/11/01 00:00,○,4番線はH30.11、5番線はH31.2に供用開始,
5,京王電鉄,京王線,飛田給,東京都調布市,相対・島式2面3線,2・3番線,可動式ホーム柵,2019/03/01 00:00,,3番線はR1.8、1番線はR2.5供用開始,
6,京王電鉄,井の頭線,吉祥寺,東京都武蔵野市,相対式2面2線,1・2番線,可動式ホーム柵,2015/12/01 00:00,○,,△一部の駅
7,京王電鉄,井の頭線,渋谷,東京都渋谷区,くし型2面2線,1・2番線,可動式ホーム柵,2018/12/01 00:00,○,,
1,小田急電鉄,小田原線,新宿,東京都新宿区,くし形7面5線,地上4・5番線のみ,可動式ホーム柵,2012/09/01 00:00,○,,△一部の駅
2,小田急電鉄,小田原線,代々木八幡,東京都渋谷区,島式1面2線,1・2番線,可動式ホーム柵,2019/03/01 00:00,,,
3,小田急電鉄,小田原線,代々木上原,東京都渋谷区,島式2面4線,1・4番線,可動式ホーム柵,2020/03/01 00:00,○,,
4,小田急電鉄,小田原線,東北沢,東京都世田谷区,島式1面2線,1・2番線,可動式ホーム柵,2019/06/01 00:00,,,
5,小田急電鉄,小田原線,下北沢,東京都世田谷区,島式1面2線2層,3・4番線（地下1階）,可動式ホーム柵,2019/03/01 00:00,○,,
6,小田急電鉄,小田原線,世田谷代田,東京都世田谷区,島式1面2線,1・2番線,可動式ホーム柵,2019/09/01 00:00,,,
7,小田急電鉄,小田原線,梅ヶ丘,東京都世田谷区,相対式2面2線,1・2番線,可動式ホーム柵,2019/12/01 00:00,,,
1,東急電鉄,目黒線,目黒,東京都品川区,島式1面2線,1・2番線,可動式ホーム柵,2000/08/01 00:00,○,東京メトロ南北線、都営三田線と共用,◎全駅
2,東急電鉄,目黒線,不動前,東京都品川区,相対式2面2線,1・2番線,可動式ホーム柵,2002/09/01 00:00,,,
3,東急電鉄,目黒線,武蔵小山,東京都品川区,島式2面4線,1・2・3・4番線,可動式ホーム柵,2001/06/01 00:00,,,
4,東急電鉄,目黒線,西小山,東京都品川区,島式1面2線,1・2番線,可動式ホーム柵,2001/07/01 00:00,,,
5,東急電鉄,目黒線,洗足,東京都目黒区,相対式2面2線,1・2番線,可動式ホーム柵,2000/08/01 00:00,,,
6,東急電鉄,目黒線,大岡山,東京都大田区,島式2面4線,1・4番線のみ,可動式ホーム柵,2000/08/01 00:00,,,
7,東急電鉄,目黒線,奥沢,東京都世田谷区,単式1面1線・島式1面2線,1・2・3番線,可動式ホーム柵,2000/08/01 00:00,,,
8,東急電鉄,目黒線,田園調布,東京都大田区,島式2面4線,2・3番線のみ,可動式ホーム柵,2000/08/01 00:00,,,
9,東急電鉄,目黒線,多摩川,東京都大田区,島式2面4線,2・3番線のみ,可動式ホーム柵,2000/08/01 00:00,,,
10,東急電鉄,目黒線,新丸子,神奈川県川崎市中原区,島式2面4線,2・3番線のみ,可動式ホーム柵,2000/08/01 00:00,,,
11,東急電鉄,目黒線,武蔵小杉,神奈川県川崎市中原区,島式2面4線,2・3番線,可動式ホーム柵,2000/08/01 00:00,○,,
12,東急電鉄,目黒線,元住吉,神奈川県川崎市中原区,島式2面6線,3・4番線,可動式ホーム柵,2008/06/01 00:00,,,
13,東急電鉄,目黒線,日吉,神奈川県横浜市港北区,島式2面4線,2・3番線のみ,可動式ホーム柵,2008/06/01 00:00,○,,
14,東急電鉄,大井町線,大井町,東京都品川区,島式1面2線,1・2番線,可動式ホーム柵,2012/03/01 00:00,○,,◎全駅
15,東急電鉄,大井町線,溝の口,神奈川県川崎市,島式2面4線,2・3番線,可動式ホーム柵,2016/04/01 00:00,○,,
16,東急電鉄,大井町線,緑が丘,東京都目黒区,相対式2面2線,1・2番線,可動式ホーム柵,2016/11/01 00:00,,,
17,東急電鉄,大井町線,尾山台,東京都世田谷区,相対式2面2線,1・2番線,可動式ホーム柵,2016/12/01 00:00,,,
18,東急電鉄,大井町線,中延,東京都品川区,相対式2面2線,1・2番線,可動式ホーム柵,2017/03/01 00:00,,,
19,東急電鉄,大井町線,上野毛,東京都世田谷区,島式1面3線,1・2番線,可動式ホーム柵,2017/04/01 00:00,,3番線ホームなし（通過線）,
20,東急電鉄,大井町線,荏原町,東京都品川区,相対式2面2線,1・2番線,可動式ホーム柵,2018/03/01 00:00,,,
21,東急電鉄,大井町線,九品仏,東京都世田谷区,島式1面2線,1・2番線,可動式ホーム柵,2018/09/01 00:00,,,
,東急電鉄,大井町線,二子玉川,東京都世田谷区,島式2面4線,2・3番線,可動式ホーム柵,2019/03/01 00:00,○,（参照）【東急田園都市線】,
,東急電鉄,大井町線,自由が丘,東京都目黒区,相対式2面2線,1・2番線,可動式ホーム柵,2019/03/01 00:00,○,（参照）【東急東横線】,
,東急電鉄,大井町線,大岡山,東京都大田区,島式2面4線,2・3番線,可動式ホーム柵,2019/04/01 00:00,,（参照）【東急目黒線】,
22,東急電鉄,大井町線,旗の台,東京都品川区,島式2面4線,3･4･5･6番線,可動式ホーム柵,2019/03/01 00:00,,1・2番線は未設置,
23,東急電鉄,大井町線,北千束,東京都大田区,島式1面2線,1・2番線,可動式ホーム柵,2019/10/01 00:00,,,
24,東急電鉄,大井町線,下神明,東京都品川区,相対式2面2線,1・2番線,可動式ホーム柵,2019/12/01 00:00,,,
25,東急電鉄,大井町線,戸越公園,東京都品川区,相対式2面2線,1・2番線,可動式ホーム柵,2020/03/01 00:00,,,
26,東急電鉄,大井町線,等々力,東京都世田谷区,島式1面2線,1・2番線,可動式ホーム柵,2020/03/01 00:00,,,
27,東急電鉄,東横線,渋谷,東京都渋谷区,島式2面4線,3・4・5･6番線,可動式ホーム柵,2008/06/01 00:00,○,東京メトロ副都心線と共用,◎全駅
28,東急電鉄,東横線,中目黒,東京都目黒区,島式2面4線,1・4番線,可動式ホーム柵,2013/12/01 00:00,○,2・3番線は東京メトロ日比谷線,
29,東急電鉄,東横線,学芸大学,東京都目黒区,島式1面2線,1・2番線,可動式ホーム柵,2014/03/01 00:00,,,
30,東急電鉄,東横線,代官山,東京都渋谷区,相対式2面2線,1・2番線,可動式ホーム柵,2015/02/01 00:00,,,
,東急電鉄,東横線,武蔵小杉,神奈川県川崎市,島式2面4線,1・4番線,可動式ホーム柵,2015/03/01 00:00,○,（参照）【東急目黒線】,
31,東急電鉄,東横線,横浜,神奈川県横浜市,島式1面2線,1・2番線,可動式ホーム柵,2015/03/01 00:00,○,横浜高速鉄道みなとみらい線と共用,
,東急電鉄,東横線,新丸子,川崎市中原区,島式2面4線,1・4番線,可動式ホーム柵,2015/12/01 00:00,,（参照）【東急目黒線】,
,東急電鉄,東横線,元住吉,神奈川県川崎市,島式2面6線,2・5番線,可動式ホーム柵,2016/02/01 00:00,,（参照）【東急目黒線】,
32,東急電鉄,東横線,菊名,神奈川県横浜市,島式2面4線,3・4・5・6番線,可動式ホーム柵,2016/03/01 00:00,○,,
33,東急電鉄,東横線,大倉山,神奈川県横浜市,相対式2面2線,1・2番線,可動式ホーム柵,2016/05/01 00:00,,,
34,東急電鉄,東横線,都立大学,東京都目黒区,相対式2面2線,1・2番線,可動式ホーム柵,2016/06/01 00:00,,,
35,東急電鉄,東横線,反町,神奈川県横浜市,島式1面2線,1・2番線,可動式ホーム柵,2016/11/01 00:00,,,
,東急電鉄,東横線,田園調布,東京都大田区,島式2面4線,1・4番線,可動式ホーム柵,2016/12/01 00:00,,（参照）【東急目黒線】,
,東急電鉄,東横線,日吉,神奈川県横浜市,島式2面4線,1・4番線,可動式ホーム柵,2017/02/01 00:00,○,（参照）【東急目黒線】,
36,東急電鉄,東横線,祐天寺,東京都目黒区,相対式2面3線,1・3番線,可動式ホーム柵,2017/06/01 00:00,,2番線ホームなし（通過線）,
37,東急電鉄,東横線,綱島,神奈川県横浜市,相対式2面2線,1・2番線,可動式ホーム柵,2018/03/01 00:00,○,,
38,東急電鉄,東横線,自由が丘,東京都目黒区,島式2面4線,3・4・5・6番線,可動式ホーム柵,2018/03/01 00:00,○,,
39,東急電鉄,東横線,妙蓮寺,神奈川県横浜市,相対式2面2線,1・2番線,可動式ホーム柵,2018/03/01 00:00,,,
40,東急電鉄,東横線,東白楽,神奈川県横浜市,相対式2面2線,1・2番線,可動式ホーム柵,2019/06/01 00:00,,,
,東急電鉄,東横線,多摩川,東京都大田区,島式2面4線,1・4番線,可動式ホーム柵,2019/10/01 00:00,,（参照）【東急目黒線】,
41,東急電鉄,東横線,白楽,神奈川県横浜市,相対式2面2線,1・2番線,可動式ホーム柵,2020/02/01 00:00,,,
42,東急電鉄,田園都市線,宮前平,神奈川県川崎市,相対式2面2線,1・2番線,可動式ホーム柵,2015/12/01 00:00,,,◎全駅
43,東急電鉄,田園都市線,駒沢大学,東京都世田谷区,島式1面2線,1・2番線,可動式ホーム柵,2017/10/01 00:00,,,
,東急電鉄,田園都市線,溝の口,神奈川県川崎市,島式2面4線,1・4番線,可動式ホーム柵,2017/12/01 00:00,○,（参照）【東急大井町線】,
44,東急電鉄,田園都市線,三軒茶屋,東京都世田谷区,相対式2面2線,1・2番線,可動式ホーム柵,2017/12/01 00:00,○,,
45,東急電鉄,田園都市線,市が尾,神奈川県横浜市,相対式2面2線,1・2番線,可動式ホーム柵,2017/12/01 00:00,,,
46,東急電鉄,田園都市線,二子玉川,東京都世田谷区,島式2面4線,1・4番線,可動式ホーム柵,2018/02/01 00:00,○,東急大井町線ホーム側（2・3番線）はH31.3に設置,
47,東急電鉄,田園都市線,用賀,東京都世田谷区,相対式2面2線,1・2番線,可動式ホーム柵,2018/03/01 00:00,,,
48,東急電鉄,田園都市線,江田,神奈川県横浜市,島式2面4線,2・4番線,可動式ホーム柵,2018/03/01 00:00,,1・3番線は通過線（固定柵あり）,
49,東急電鉄,田園都市線,桜新町,東京都世田谷区,相対式2層2面4線,1・2番線,可動式ホーム柵,2018/06/01 00:00,,3・4番線ホームなし（通過線）,
50,東急電鉄,田園都市線,池尻大橋,東京都世田谷区,相対式2面2線,1・2番線,可動式ホーム柵,2018/07/01 00:00,,,
51,東急電鉄,田園都市線,あざみ野,神奈川県横浜市,相対式2面2線,1・2番線,可動式ホーム柵,2018/09/01 00:00,○,,
52,東急電鉄,田園都市線,たまプラーザ,神奈川県横浜市,相対式2面2線,1・2番線,可動式ホーム柵,2018/09/01 00:00,,,
53,東急電鉄,田園都市線,つきみ野,神奈川県大和市,相対式2面2線,1・2番線,可動式ホーム柵,2018/12/01 00:00,,,
54,東急電鉄,田園都市線,高津,神奈川県川崎市,相対式2面4線,1・4番線,可動式ホーム柵,2018/12/01 00:00,,2・3番線ホームなし（通過線）,
55,東急電鉄,田園都市線,梶が谷,神奈川県川崎市,島式2面4線,1・2・3番線,可動式ホーム柵,2019/03/01 00:00,,4番線は通過線（固定柵あり）,
56,東急電鉄,田園都市線,長津田,神奈川県横浜市,島式2面4線,3・4・5・6番線,可動式ホーム柵,2019/03/01 00:00,○,3・4番線はH30.12に設置、5・6番線はH31.3に設置、7番線（こどもの国線）は未設置,
,東急電鉄,田園都市線,渋谷,東京都渋谷区,島式1面2線,1・2番線,可動式ホーム柵,2019/03/01 00:00,○,東京メトロ半蔵門線と共用（参照）【東急東横線】,
57,東急電鉄,田園都市線,藤が丘,神奈川県横浜市,相対式2面2線,1・2番線,可動式ホーム柵,2019/05/01 00:00,,,
58,東急電鉄,田園都市線,田奈,神奈川県横浜市,相対式2面2線,1・2番線,可動式ホーム柵,2019/05/01 00:00,,,
59,東急電鉄,田園都市線,二子新地,神奈川県川崎市,相対式2面2線,1・2番線,可動式ホーム柵,2019/06/01 00:00,,,
60,東急電鉄,田園都市線,青葉台,神奈川県横浜市,相対式2面2線,1・2番線,可動式ホーム柵,2019/08/01 00:00,○,,
61,東急電鉄,田園都市線,南町田グランベリーパーク,東京都町田市,相対式2面2線,1・2番線,可動式ホーム柵,2019/09/01 00:00,,,
62,東急電鉄,田園都市線,宮崎台,神奈川県川崎市,相対式2面2線,1・2番線,可動式ホーム柵,2019/09/01 00:00,,,
63,東急電鉄,田園都市線,つくし野,東京都町田市,相対式2面2線,1・2番線,可動式ホーム柵,2019/09/01 00:00,,,
64,東急電鉄,田園都市線,すずかけ台,東京都町田市,相対式2面2線,1・2番線,可動式ホーム柵,2019/12/01 00:00,,,
65,東急電鉄,田園都市線,中央林間,神奈川県大和市,島式1面2線,1・2番線,可動式ホーム柵,2019/12/01 00:00,○,,
66,東急電鉄,田園都市線,鷺沼,神奈川県川崎市,島式2面4線,1・2・3・4番線,可動式ホーム柵,2020/02/01 00:00,,,
1,京急電鉄,空港線,羽田空港第3ターミナル,東京都大田区,相対式2面2線,1・2番線,可動式ホーム柵,2010/10/01 00:00,,,△一部の駅
2,京急電鉄,空港線,羽田空港第１・第２ターミナル,東京都大田区,島式１面2線,1・2番線,可動式ホーム柵,Ｈ31.2,,,
3,京急電鉄,本線・空港線,京急蒲田,東京都大田区,島式2面6線,1・4・3・6番線,可動式ホーム柵,2019/04/01 00:00,,3・6番線はR1.8に設置、2番線、5番線はホーム固定柵を設置,
4,京急電鉄,本線,横浜,神奈川県横浜市,島式１面2線,1・2番線,可動式ホーム柵,2019/09/01 00:00,○,,
5,京急電鉄,本線,上大岡,神奈川県横浜市,相対式2面4線,1・2・3・4番線,可動式ホーム柵,2019/11/01 00:00,○,3・4番線はR2.2に設置,
1,相模鉄道,本線,横浜,神奈川県横浜市,くし型4面3線,1・2・3番線,可動式ホーム柵,2016/03/01 00:00,○,1・2番線はH29.3に設置,△一部の駅
2,相模鉄道,相鉄新横浜線,羽沢横浜国大駅,神奈川県横浜市,相対式2面2線,1・2番線,可動式ホーム柵,2019/11,,,
1,名古屋鉄道,小牧線,上飯田,愛知県愛知県名古屋市北区,島式1面2線,1・2番線,可動式ホーム柵,2003/03/01 00:00,,,△一部の駅
2,名古屋鉄道,空港線,中部国際空港,愛知県常滑市,単式1面1線・島式1面2線,1番線,ホームドア,2006/04/01 00:00,,2・3番線は未設置,△一部の駅
1,近畿日本鉄道,南大阪線,大阪阿部野橋,大阪府大阪市阿倍野区,くし形6面5線,3・4番線,昇降式ホーム柵,2018/12/01 00:00,○,4番線はH31.2に設置。1・2・5・6番線は未設置,△一部の駅
1,阪急電鉄,宝塚線,十三駅,大阪府大阪市淀川区,島式2面4線、相対式2面2線,3・4・5番線,可動式ホーム柵,2019/02/01 00:00,,3番線はH30.9に設置、1・2・6番線は未設置,△一部の駅
1,南海電気鉄道,高野線,難波,大阪府大阪市中央区,くし形9面8線,1番線,可動式ホーム柵,2019/03/01 00:00,○,2～8番線は未設置,△一部の駅
1,東京臨海高速鉄道,臨海副都心線（りんかい線）,国際展示場,東京都江東区,島式1面2線,1・2番線,可動式ホーム柵,2018/09/01 00:00,,,△一部の駅
2,東京臨海高速鉄道,臨海副都心線（りんかい線）,大井町,東京都品川区,単式二層2面2線,1・2番線,可動式ホーム柵,2020/02/01 00:00,,,
,横浜高速鉄道,みなとみらい21線,横浜駅,神奈川県横浜市西区,島式1面2線,1・2番線,可動式ホーム柵,2015/03/01 00:00,○,（参照）【東急東横線】,△一部の駅
1,横浜高速鉄道,みなとみらい21線,みなとみらい駅,神奈川県横浜市西区,島式1面2線,1・2番線,可動式ホーム柵,2018/03/01 00:00,,,
2,横浜高速鉄道,みなとみらい21線,馬車道駅,神奈川県横浜市西区,島式1面2線,1・2番線,可動式ホーム柵,2019/09/01 00:00,,,
3,横浜高速鉄道,みなとみらい21線,日本大通り駅,神奈川県横浜市中区,島式1面2線,1・2番線,可動式ホーム柵,2019/03/01 00:00,,,
4,横浜高速鉄道,みなとみらい21線,元町･中華街駅,神奈川県横浜市中区,島式1面2線,1・2番線,可動式ホーム柵,2020/03/01 00:00,,,
,埼玉高速鉄道,埼玉高速鉄道線,赤羽岩淵,東京都北区,島式1面2線,1・2番線,ホームドア,1991/11/01 00:00,○,（参照）【東京メトロ南北線】,◎全駅
1,埼玉高速鉄道,埼玉高速鉄道線,川口元郷,埼玉県川口市,島式1面2線,1・2番線,可動式ホーム柵,2001/03/01 00:00,,,
2,埼玉高速鉄道,埼玉高速鉄道線,南鳩ヶ谷,埼玉県川口市,島式1面2線,1・2番線,可動式ホーム柵,2001/03/01 00:00,,,
3,埼玉高速鉄道,埼玉高速鉄道線,鳩ヶ谷,埼玉県川口市,島式1面2線,1・2番線,可動式ホーム柵,2001/03/01 00:00,,,
4,埼玉高速鉄道,埼玉高速鉄道線,新井宿,埼玉県川口市,島式1面2線,1・2番線,可動式ホーム柵,2001/03/01 00:00,,,
5,埼玉高速鉄道,埼玉高速鉄道線,戸塚安行,埼玉県川口市,島式1面2線,1・2番線,可動式ホーム柵,2001/03/01 00:00,,,
6,埼玉高速鉄道,埼玉高速鉄道線,東川口,埼玉県川口市,島式1面2線,1・2番線,可動式ホーム柵,2001/03/01 00:00,,,
7,埼玉高速鉄道,埼玉高速鉄道線,浦和美園,埼玉県さいたま市緑区,島式1面、相対式1面2線,1・2・3番線,可動式ホーム柵,2001/03/01 00:00,,臨時ホーム（3番線）はH31.3設置,
1,北大阪急行電鉄,南北線,緑地公園,大阪府豊中市,相対式2面2線,1・2番線,可動式ホーム柵,2018/02/01 00:00,,,◎全駅
2,北大阪急行電鉄,南北線,桃山台,大阪府吹田市,島式1面2線,1・2番線,可動式ホーム柵,2018/03/01 00:00,,,
3,北大阪急行電鉄,南北線,千里中央,大阪府豊中市,島式1面2線,1・2番線,可動式ホーム柵,2017/09/01 00:00,,,
1,首都圏新都市鉄道,つくばエクスプレス,秋葉原,東京都千代田区,島式1面2線,1・2番線,可動式ホーム柵,2005/08/01 00:00,○,,◎全駅
2,首都圏新都市鉄道,つくばエクスプレス,新御徒町,東京都台東区,島式1面2線,1・2番線,可動式ホーム柵,2005/08/01 00:00,,,
3,首都圏新都市鉄道,つくばエクスプレス,浅草,東京都台東区,島式1面2線,1・2番線,可動式ホーム柵,2005/08/01 00:00,,,
4,首都圏新都市鉄道,つくばエクスプレス,南千住,東京都荒川区,相対式2面2線,1・2番線,可動式ホーム柵,2005/08/01 00:00,,,
5,首都圏新都市鉄道,つくばエクスプレス,北千住,東京都足立区,島式1面2線,1・2番線,可動式ホーム柵,2005/08/01 00:00,○,,
6,首都圏新都市鉄道,つくばエクスプレス,青井,東京都足立区,相対式2面2線,1・2番線,可動式ホーム柵,2005/08/01 00:00,,,
7,首都圏新都市鉄道,つくばエクスプレス,六町,東京都足立区,島式1面2線,1・2番線,可動式ホーム柵,2005/08/01 00:00,,,
8,首都圏新都市鉄道,つくばエクスプレス,八潮,埼玉県八潮市,島式2面4線,1・2・3・4番線,可動式ホーム柵,2005/08/01 00:00,,,
9,首都圏新都市鉄道,つくばエクスプレス,三郷中央,埼玉県三郷市,相対式2面2線,1・2番線,可動式ホーム柵,2005/08/01 00:00,,,
10,首都圏新都市鉄道,つくばエクスプレス,南流山,千葉県流山市,島式1面2線,1・2番線,可動式ホーム柵,2005/08/01 00:00,,,
11,首都圏新都市鉄道,つくばエクスプレス,流山セントラルパーク,千葉県流山市,相対式2面2線,1・2番線,可動式ホーム柵,2005/08/01 00:00,,,
12,首都圏新都市鉄道,つくばエクスプレス,流山おおたかの森,千葉県流山市,島式2面4線,1・2・3・4番線,可動式ホーム柵,2005/08/01 00:00,,,
13,首都圏新都市鉄道,つくばエクスプレス,柏の葉キャンパス,千葉県柏市,相対式2面2線,1・2番線,可動式ホーム柵,2005/08/01 00:00,,,
14,首都圏新都市鉄道,つくばエクスプレス,柏たなか,千葉県柏市,相対式2面2線,1・2番線,可動式ホーム柵,2005/08/01 00:00,,,
15,首都圏新都市鉄道,つくばエクスプレス,守谷,茨城県守谷市,島式2面4線,1・2・3・4番線,可動式ホーム柵,2005/08/01 00:00,,,
16,首都圏新都市鉄道,つくばエクスプレス,みらい平,茨城県つくばみらい市,相対式2面2線,1・2番線,可動式ホーム柵,2005/08/01 00:00,,,
17,首都圏新都市鉄道,つくばエクスプレス,みどりの,茨城県つくば市,相対式2面2線,1・2番線,可動式ホーム柵,2005/08/01 00:00,,,
18,首都圏新都市鉄道,つくばエクスプレス,万博記念公園,茨城県つくば市,相対式2面2線,1・2番線,可動式ホーム柵,2005/08/01 00:00,,,
19,首都圏新都市鉄道,つくばエクスプレス,研究学園,茨城県つくば市,相対式2面2線,1・2番線,可動式ホーム柵,2005/08/01 00:00,,,
20,首都圏新都市鉄道,つくばエクスプレス,つくば,茨城県つくば市,島式1面2線,1・2番線,可動式ホーム柵,2005/08/01 00:00,,,
1,立山黒部貫光,鋼索線,黒部平,富山県立山町,相対式2面1線,扇沢方面,可動式ホーム柵,2017/11/01 00:00,,平成30年度の営業開始日（4/15）から供用開始,△一部の駅
1,名古屋臨海高速鉄道,あおなみ線,名古屋,愛知県愛知県愛知県名古屋市中村区,島式1面2線,1・2番線,可動式ホーム柵,2004/10/01 00:00,,,◎全駅
2,名古屋臨海高速鉄道,あおなみ線,ささしまライブ,愛知県愛知県名古屋市中村区,相対式2面2線,1・2番線,可動式ホーム柵,2004/10/01 00:00,,,
3,名古屋臨海高速鉄道,あおなみ線,小本,愛知県愛知県名古屋市中村区,島式1面2線,1・2番線,可動式ホーム柵,2004/10/01 00:00,,,
4,名古屋臨海高速鉄道,あおなみ線,荒子,愛知県愛知県名古屋市中川区,島式1面2線,1・2番線,可動式ホーム柵,2004/10/01 00:00,,,
5,名古屋臨海高速鉄道,あおなみ線,南荒子,愛知県愛知県名古屋市中川区,島式1面2線,1・2番線,可動式ホーム柵,2004/10/01 00:00,,,
6,名古屋臨海高速鉄道,あおなみ線,中島,愛知県愛知県名古屋市中川区,相対式2面2線,1・2番線,可動式ホーム柵,2004/10/01 00:00,,,
7,名古屋臨海高速鉄道,あおなみ線,名古屋競馬場前,愛知県愛知県名古屋市中川区,島式1面2線,1・2番線,可動式ホーム柵,2004/10/01 00:00,,,
8,名古屋臨海高速鉄道,あおなみ線,荒子川公園,愛知県愛知県名古屋市中川区,相対式2面2線,1・2番線,可動式ホーム柵,2004/10/01 00:00,,,
9,名古屋臨海高速鉄道,あおなみ線,稲永,愛知県愛知県名古屋市港区,相対式2面2線,1・2番線,可動式ホーム柵,2004/10/01 00:00,,,
10,名古屋臨海高速鉄道,あおなみ線,野跡,愛知県愛知県名古屋市港区,島式1面2線,1・2番線,可動式ホーム柵,2004/10/01 00:00,,,
11,名古屋臨海高速鉄道,あおなみ線,金城ふ頭,愛知県愛知県名古屋市港区,島式1面2線,1・2番線,ホームドア,2004/10/01 00:00,,,
1,札幌市交通局,東西線,宮の沢,北海道札幌市西区,島式1面2線,1・2番線,可動式ホーム柵,2009/03/01 00:00,,,◎全駅
2,札幌市交通局,東西線,発寒南,北海道札幌市西区,島式1面2線,1・2番線,可動式ホーム柵,2009/02/01 00:00,,,
3,札幌市交通局,東西線,琴似,北海道札幌市西区,島式1面2線,1・2番線,可動式ホーム柵,2009/02/01 00:00,,,
4,札幌市交通局,東西線,二十四軒,北海道札幌市西区,相対式2面2線,1・2番線,可動式ホーム柵,2009/02/01 00:00,,,
5,札幌市交通局,東西線,西28丁目,北海道札幌市中央区,相対式2面2線,1・2番線,可動式ホーム柵,2009/01/01 00:00,,,
6,札幌市交通局,東西線,円山公園,北海道札幌市中央区,相対式2面2線,1・2番線,可動式ホーム柵,2009/01/01 00:00,,,
7,札幌市交通局,東西線,西18丁目,北海道札幌市中央区,相対式2面2線,1・2番線,可動式ホーム柵,2008/12/01 00:00,,,
8,札幌市交通局,東西線,西11丁目,北海道札幌市中央区,島式1面2線,1・2番線,可動式ホーム柵,2008/12/01 00:00,,,
9,札幌市交通局,東西線,大通,北海道札幌市中央区,島式1面2線,3・4番線,可動式ホーム柵,2008/12/01 00:00,○,札幌市南北線ホーム（1・2番線）はH24.10に設置、札幌市東豊線ホーム（1・2番線）はH28.12に設置,
10,札幌市交通局,東西線,バスセンター前,北海道札幌市中央区,島式1面2線,1・2番線,可動式ホーム柵,2008/12/01 00:00,,,
11,札幌市交通局,東西線,菊水,北海道札幌市白石区,相対式2面2線,1・2番線,可動式ホーム柵,2008/11/01 00:00,,,
12,札幌市交通局,東西線,東札幌,北海道札幌市白石区,相対式2面2線,1・2番線,可動式ホーム柵,2008/11/01 00:00,,,
13,札幌市交通局,東西線,白石,北海道札幌市白石区,島式1面2線,1・2番線,可動式ホーム柵,2008/11/01 00:00,,,
14,札幌市交通局,東西線,南郷7丁目,北海道札幌市白石区,単式1面1線・島式1面2線,1・2・4番線,可動式ホーム柵,2008/05/01 00:00,,1・2番線への設置はH20.11、3番線はホームなし、3番線では乗降対応を実施しないため、固定柵を設置,
15,札幌市交通局,東西線,南郷13丁目,北海道札幌市白石区,相対式2面2線,1・2番線,可動式ホーム柵,2008/10/01 00:00,,,
16,札幌市交通局,東西線,南郷18丁目,北海道札幌市白石区,相対式2面2線,1・2番線,可動式ホーム柵,2008/10/01 00:00,,,
17,札幌市交通局,東西線,大谷地,北海道札幌市厚別区,相対式2面2線,1・2番線,可動式ホーム柵,2008/10/01 00:00,,,
18,札幌市交通局,東西線,ひばりが丘,北海道札幌市厚別区,相対式2面2線,1・2番線,可動式ホーム柵,2008/09/01 00:00,,,
19,札幌市交通局,東西線,新さっぽろ,北海道札幌市厚別区,島式1面2線,1・2番線,可動式ホーム柵,2008/09/01 00:00,,1番線は降車ホーム（一部を除く）・2番線は乗車ホーム,
20,札幌市交通局,南北線,麻生,北海道札幌市北区,島式1面2線,1・2番線,可動式ホーム柵,2012/07/01 00:00,,,◎全駅
21,札幌市交通局,南北線,北34条,北海道札幌市北区,相対式2面2線,1・2番線,可動式ホーム柵,2012/07/01 00:00,,,
22,札幌市交通局,南北線,北24条,北海道札幌市北区,島式1面2線,1・2番線,可動式ホーム柵,2012/08/01 00:00,,,
23,札幌市交通局,南北線,北18条,北海道札幌市北区,相対式2面2線,1・2番線,可動式ホーム柵,2012/08/01 00:00,,,
24,札幌市交通局,南北線,北12条,北海道札幌市北区,相対式2面2線,1・2番線,可動式ホーム柵,2012/09/01 00:00,,,
25,札幌市交通局,南北線,さっぽろ,北海道札幌市中央区,島式1面2線,1・2番線,可動式ホーム柵,2012/09/01 00:00,○,乗降人員は、2線（南北線・東豊線）の合計,
,札幌市交通局,南北線,大通,北海道札幌市中央区,相対式2面2線,1・2番線,可動式ホーム柵,2012/10/01 00:00,○,（参照）【札幌市東西線】,
26,札幌市交通局,南北線,すすきの,北海道札幌市中央区,相対式2面2線,1・2番線,可動式ホーム柵,2012/10/01 00:00,,,
27,札幌市交通局,南北線,中島公園,北海道札幌市中央区,相対式2面2線,1・2番線,可動式ホーム柵,2012/11/01 00:00,,,
28,札幌市交通局,南北線,幌平橋,北海道札幌市中央区,相対式2面2線,1・2番線,可動式ホーム柵,2012/11/01 00:00,,,
29,札幌市交通局,南北線,中の島,北海道札幌市豊平区,相対式2面2線,1・2番線,可動式ホーム柵,2012/12/01 00:00,,,
30,札幌市交通局,南北線,平岸,北海道札幌市豊平区,相対式2面2線,1・2番線,可動式ホーム柵,2012/12/01 00:00,,,
31,札幌市交通局,南北線,南平岸,北海道札幌市豊平区,島式1面2線,1・2番線,可動式ホーム柵,2013/01/01 00:00,,,
32,札幌市交通局,南北線,澄川,北海道札幌市南区,島式1面2線,1・2番線,可動式ホーム柵,2013/02/01 00:00,,,
33,札幌市交通局,南北線,自衛隊前,北海道札幌市南区,相対式2面2線,1・2番線,可動式ホーム柵,2013/02/01 00:00,,,
34,札幌市交通局,南北線,真駒内,北海道札幌市南区,島式1面2線,1・2番線,可動式ホーム柵,2013/03/01 00:00,,,
35,札幌市交通局,東豊線,栄町,北海道札幌市東区,島式1面2線,1・2番線,可動式ホーム柵,2016/08/01 00:00,,,◎全駅
36,札幌市交通局,東豊線,新道東,北海道札幌市東区,相対式2面2線,1・2番線,可動式ホーム柵,2017/03/01 00:00,,,
37,札幌市交通局,東豊線,元町,北海道札幌市東区,島式1面2線,1・2番線,可動式ホーム柵,2017/03/01 00:00,,,
38,札幌市交通局,東豊線,環状通東,北海道札幌市東区,相対式2面2線,1・2番線,可動式ホーム柵,2017/02/01 00:00,,,
39,札幌市交通局,東豊線,東区役所前,北海道札幌市東区,島式1面2線,1・2番線,可動式ホーム柵,2017/02/01 00:00,,,
40,札幌市交通局,東豊線,北13条東,北海道札幌市東区,相対式2面2線,1・2番線,可動式ホーム柵,2017/01/01 00:00,,,
,札幌市交通局,東豊線,さっぽろ,北海道札幌市中央区,島式1面2線,1・2番線,可動式ホーム柵,2016/12/01 00:00,○,（参照）【札幌市南北線】,
,札幌市交通局,東豊線,大通,北海道札幌市中央区,相対式2面2線,1・2番線,可動式ホーム柵,2016/12/01 00:00,○,（参照）【札幌市東西線】,
41,札幌市交通局,東豊線,豊水すすきの,北海道札幌市中央区,島式1面2線,1・2番線,可動式ホーム柵,2016/11/01 00:00,,,
42,札幌市交通局,東豊線,学園前,北海道札幌市豊平区,島式1面2線,1・2番線,可動式ホーム柵,2016/11/01 00:00,,,
43,札幌市交通局,東豊線,豊平公園,北海道札幌市豊平区,島式1面2線,1・2番線,可動式ホーム柵,2016/10/01 00:00,,,
44,札幌市交通局,東豊線,美園,北海道札幌市豊平区,島式1面2線,1・2番線,可動式ホーム柵,2016/10/01 00:00,,,
45,札幌市交通局,東豊線,月寒中央,北海道札幌市豊平区,島式1面2線,1・2番線,可動式ホーム柵,2016/09/01 00:00,,,
46,札幌市交通局,東豊線,福住,北海道札幌市豊平区,島式1面2線,1・2番線,可動式ホーム柵,2016/09/01 00:00,,,
1,仙台市交通局,南北線,富沢,宮城県仙台市太白区,島式1面2線,1・2番線,可動式ホーム柵,2009/10/01 00:00,,1番線は降車ホーム・2番線は乗車ホーム,◎全駅
2,仙台市交通局,南北線,長町南,宮城県仙台市太白区,島式1面2線,1・2番線,可動式ホーム柵,2009/10/01 00:00,,,
3,仙台市交通局,南北線,長町,宮城県仙台市太白区,島式1面2線,1・2番線,可動式ホーム柵,2009/10/01 00:00,,,
4,仙台市交通局,南北線,長町一丁目,宮城県仙台市太白区,島式1面2線,1・2番線,可動式ホーム柵,2009/11/01 00:00,,,
5,仙台市交通局,南北線,河原町,宮城県仙台市若林区,島式1面2線,1・2番線,可動式ホーム柵,2009/11/01 00:00,,,
6,仙台市交通局,南北線,愛宕橋,宮城県仙台市若林区,島式1面2線,1・2番線,可動式ホーム柵,2009/11/01 00:00,,,
7,仙台市交通局,南北線,五橋,宮城県仙台市若林区,島式1面2線,1・2番線,可動式ホーム柵,2009/11/01 00:00,,,
8,仙台市交通局,南北線,仙台,宮城県仙台市青葉区,島式2面4線,1・2番線,可動式ホーム柵,2009/12/01 00:00,○,仙台市東西線ホーム側（3・4番線）はH27.12に設置,
9,仙台市交通局,南北線,広瀬通,宮城県仙台市青葉区,島式1面2線,1・2番線,可動式ホーム柵,2009/12/01 00:00,,,
10,仙台市交通局,南北線,勾当台公園,宮城県仙台市青葉区,島式1面2線,1・2番線,可動式ホーム柵,2009/12/01 00:00,,,
11,仙台市交通局,南北線,北四番丁,宮城県仙台市青葉区,島式1面2線,1・2番線,可動式ホーム柵,2009/12/01 00:00,,,
12,仙台市交通局,南北線,北仙台,宮城県仙台市青葉区,島式1面2線,1・2番線,可動式ホーム柵,2010/01/01 00:00,,,
13,仙台市交通局,南北線,台原,宮城県仙台市青葉区,島式1面2線,1・2番線,可動式ホーム柵,2010/01/01 00:00,,,
14,仙台市交通局,南北線,旭ヶ丘,宮城県仙台市青葉区,島式1面2線,1・2番線,可動式ホーム柵,2010/01/01 00:00,,,
15,仙台市交通局,南北線,黒松,宮城県仙台市泉区,島式1面2線,1・2番線,可動式ホーム柵,2010/02/01 00:00,,,
16,仙台市交通局,南北線,八乙女,宮城県仙台市泉区,島式1面2線,1・2番線,可動式ホーム柵,2010/02/01 00:00,,,
17,仙台市交通局,南北線,泉中央,宮城県仙台市泉区,島式1面2線,1・2番線,可動式ホーム柵,2010/02/01 00:00,,,
18,仙台市交通局,東西線,八木山動物公園,宮城県仙台市太白区,島式1面2線,1・2番線,可動式ホーム柵,2015/12/01 00:00,,,◎全駅
19,仙台市交通局,東西線,青葉山,宮城県仙台市青葉区,島式1面2線,1・2番線,可動式ホーム柵,2015/12/01 00:00,,,
20,仙台市交通局,東西線,川内,宮城県仙台市青葉区,島式1面2線,1・2番線,可動式ホーム柵,2015/12/01 00:00,,,
21,仙台市交通局,東西線,国際センター,宮城県仙台市青葉区,島式1面2線,1・2番線,可動式ホーム柵,2015/12/01 00:00,,,
22,仙台市交通局,東西線,大町西公園,宮城県仙台市青葉区,島式1面2線,1・2番線,可動式ホーム柵,2015/12/01 00:00,,,
23,仙台市交通局,東西線,青葉通一番町,宮城県仙台市青葉区,島式1面2線,1・2番線,可動式ホーム柵,2015/12/01 00:00,,,
,仙台市交通局,東西線,仙台,宮城県仙台市青葉区,島式2面4線,3・4番線,可動式ホーム柵,2015/12/01 00:00,○,（参照）【仙台市南北線】,
24,仙台市交通局,東西線,宮城野通,宮城県仙台市宮城野区,島式1面2線,1・2番線,可動式ホーム柵,2015/12/01 00:00,,,
25,仙台市交通局,東西線,連坊,宮城県仙台市若林区,島式1面2線,1・2番線,可動式ホーム柵,2015/12/01 00:00,,,
26,仙台市交通局,東西線,薬師堂,宮城県仙台市若林区,島式1面2線,1・2番線,可動式ホーム柵,2015/12/01 00:00,,,
27,仙台市交通局,東西線,卸町,宮城県仙台市若林区,島式1面2線,1・2番線,可動式ホーム柵,2015/12/01 00:00,,,
28,仙台市交通局,東西線,六丁の目,宮城県仙台市若林区,島式1面2線,1・2番線,可動式ホーム柵,2015/12/01 00:00,,,
29,仙台市交通局,東西線,荒井,宮城県仙台市若林区,島式1面2線,1・2番線,可動式ホーム柵,2015/12/01 00:00,,,
1,東京メトロ,千代田線（支線）,北綾瀬,東京都足立区,単式1面1線,1番線,可動式ホーム柵,2002/02/01 00:00,,,◎全駅
2,東京メトロ,千代田線（支線）,綾瀬,東京都足立区,単式1線・島式2面3線,0・1・2・3・4番線,可動式ホーム柵,2020/03/01 00:00,○,0番線はH14.2に設置,
3,東京メトロ,千代田線,北千住,東京都足立区,島式1面2線,3・4番線,可動式ホーム柵,2019/06/01 00:00,○,,
4,東京メトロ,千代田線,町屋,東京都荒川区,単式二層2面2線,1・2番線,可動式ホーム柵,2020/03/01 00:00,,,
5,東京メトロ,千代田線,西日暮里,東京都荒川区,単式二層2面2線,3・4番線,可動式ホーム柵,2019/08/01 00:00,○,,
6,東京メトロ,千代田線,千駄木,東京都文京区,単式二層2面2線,1・2番線,可動式ホーム柵,2019/03/01 00:00,,,
7,東京メトロ,千代田線,根津,東京都文京区,単式二層2面2線,1・2番線,可動式ホーム柵,2019/11/01 00:00,,,
8,東京メトロ,千代田線,湯島,東京都文京区,島式1面2線,1・2番線,可動式ホーム柵,2019/01/01 00:00,,,
9,東京メトロ,千代田線,新御茶ノ水,東京都文京区,島式1面2線,1・2番線,可動式ホーム柵,2019/07/01 00:00,,,
,東京メトロ,千代田線,大手町,東京都千代田区,島式1面2線,5・6番線,可動式ホーム柵,2019/02/01 00:00,○,（参照）【東京メトロ丸ノ内線】,
10,東京メトロ,千代田線,二重橋前,東京都千代田区,島式1面2線,1・2番線,可動式ホーム柵,2018/11/01 00:00,,,
11,東京メトロ,千代田線,日比谷,東京都千代田区,島式1面2線,3・4番線,可動式ホーム柵,2018/10/01 00:00,○,,
,東京メトロ,千代田線,霞ケ関,東京都千代田区,相対式2面2線,5・6番線,可動式ホーム柵,2020/03/01 00:00,○,（参照）【東京メトロ丸ノ内線】,
,東京メトロ,千代田線,国会議事堂前,東京都千代田区,島式1面2線,3・4番線,可動式ホーム柵,2020/03/01 00:00,,（参照）【東京メトロ丸ノ内線】千代田線3番線はR1.8に設置,
12,東京メトロ,千代田線,赤坂,東京都千代田区,島式1面2線,1・2番線,可動式ホーム柵,2019/04/01 00:00,,,
13,東京メトロ,千代田線,乃木坂,東京都千代田区,島式1面2線,1・2番線,可動式ホーム柵,2020/03/01 00:00,,千代田線2番線はR1.11に設置,
,東京メトロ,千代田線,表参道,東京都港区,島式1面2線,1・2番線,可動式ホーム柵,2018/12/01 00:00,○,（参照）【東京メトロ銀座線】,
,東京メトロ,千代田線,明治神宮前（原宿）,東京都千代田区,島式1面2線,1・2番線,可動式ホーム柵,2019/04/01 00:00,○,（参照）【東京メトロ副都心線】,
14,東京メトロ,千代田線,代々木公園,東京都渋谷区,島式1面2線,1・2番線,可動式ホーム柵,2018/10/01 00:00,,,
,東京メトロ,千代田線,代々木上原,東京都渋谷区,島式2面4線,2・3番線,可動式ホーム柵,2019/10/01 00:00,○,（参照）【小田急小田原線】,
,東京メトロ,南北線,目黒,東京都品川区,島式1面2線,1･2番線,可動式ホーム柵,2000/08/01 00:00,○,（参照）【東急目黒線】,◎全駅
15,東京メトロ,南北線,白金台,東京都港区,相対式2面2線,1・2番線,ホームドア,2000/09/01 00:00,,,
16,東京メトロ,南北線,白金高輪,東京都港区,島式2面4線,1・2・3・4番線,ホームドア,2000/09/01 00:00,,,
17,東京メトロ,南北線,麻布十番,東京都港区,島式1面2線,1・2番線,ホームドア,2000/09/01 00:00,,,
18,東京メトロ,南北線,六本木一丁目,東京都港区,島式1面2線,1・2番線,ホームドア,2000/09/01 00:00,,,
19,東京メトロ,南北線,溜池山王,東京都千代田区,島式1面2線,3・4番線,ホームドア,1997/09/01 00:00,○,東京メトロ銀座線ホーム（1・2番線）はH30.7に設置,
20,東京メトロ,南北線,永田町,東京都千代田区,島式1面2線,5・6番線,ホームドア,1997/09/01 00:00,,東京メトロ有楽町線ホーム（1・2番線）はH24.2に設置、東京メトロ半蔵門線ホーム（3・4番線）はH31.3に設置,
21,東京メトロ,南北線,四ツ谷,東京都新宿区,島式1面2線,3・4番線,ホームドア,1996/03/01 00:00,○,東京メトロ丸ノ内線ホーム（1・2番線）はH19.5に設置,
22,東京メトロ,南北線,市ケ谷,東京都新宿区、千代田区,島式1面2線,3・4番線,ホームドア,1996/03/01 00:00,○,東京メトロ有楽町線ホーム（1・2番線）はH23.10に設置,
23,東京メトロ,南北線,飯田橋,東京都新宿区,島式1面2線,5・6番線,ホームドア,1996/03/01 00:00,○,東京メトロ東西線ホーム（1・2番線）はH30.11に設置、東京メトロ有楽町線ホーム（3・4番線）はH23.9に設置,
24,東京メトロ,南北線,後楽園,東京都文京区,島式1面2線,3・4番線,ホームドア,1996/03/01 00:00,○,東京メトロ丸ノ内線ホーム（1・2番線）はH19.3に設置,
25,東京メトロ,南北線,東大前,東京都文京区,島式1面2線,1・2番線,ホームドア,1996/03/01 00:00,,,
26,東京メトロ,南北線,本駒込,東京都文京区,島式1面2線,1・2番線,ホームドア,1996/03/01 00:00,,,
27,東京メトロ,南北線,駒込,東京都豊島区,島式1面2線,1・2番線,ホームドア,1991/11/01 00:00,,,
28,東京メトロ,南北線,西ケ原,東京都北区,島式1面2線,1・2番線,ホームドア,1991/11/01 00:00,,,
29,東京メトロ,南北線,王子,東京都北区,島式1面2線,1・2番線,ホームドア,1991/11/01 00:00,,,
30,東京メトロ,南北線,王子神谷,東京都北区,相対式2面2線,1・2番線,ホームドア,1991/11/01 00:00,,,
31,東京メトロ,南北線,志茂,東京都北区,島式1面2線,1・2番線,ホームドア,1991/11/01 00:00,○,,
32,東京メトロ,南北線,赤羽岩淵,東京都北区,島式1面2線,1・2番線,ホームドア,1991/11/01 00:00,○,埼玉高速鉄道線と共用,
33,東京メトロ,丸ノ内線,池袋,東京都豊島区,島式1面2線,1・2番線,可動式ホーム柵,2006/09/01 00:00,○,東京メトロ有楽町線ホーム（3・4番線）はH23.1に、東京メトロ副都心線ホーム（5・6番線）はH20.6に設置,◎全駅
34,東京メトロ,丸ノ内線,新大塚,東京都文京区,相対式2面2線,1・2番線,可動式ホーム柵,2006/12/01 00:00,,,
35,東京メトロ,丸ノ内線,茗荷谷,東京都文京区,相対式2面2線,1・2番線,可動式ホーム柵,2007/02/01 00:00,,,
,東京メトロ,丸ノ内線,後楽園,東京都文京区,相対式2面2線,1・2番線,可動式ホーム柵,2007/03/01 00:00,○,（参照）【東京メトロ南北線】,
36,東京メトロ,丸ノ内線,本郷三丁目,東京都文京区,相対式2面2線,1・2番線,可動式ホーム柵,2007/04/01 00:00,,,
37,東京メトロ,丸ノ内線,御茶ノ水,東京都文京区,相対式2面2線,1・2番線,可動式ホーム柵,2007/06/01 00:00,,,
38,東京メトロ,丸ノ内線,淡路町,東京都千代田区,相対式2面2線,1・2番線,可動式ホーム柵,2007/07/01 00:00,,,
39,東京メトロ,丸ノ内線,大手町,東京都千代田区,相対式2面2線,1・2番線,可動式ホーム柵,2007/07/01 00:00,○,東京メトロ千代田線ホーム（5・6番線）はH31.2設置、東京メトロ東西線ホーム（3・4番線）・半蔵門線ホーム（7・8番線）は未設置,
40,東京メトロ,丸ノ内線,東京,東京都千代田区,島式1面2線,1・2番線,可動式ホーム柵,2007/08/01 00:00,○,,
41,東京メトロ,丸ノ内線,銀座,東京都中央区,島式1面2線,3・4番線,可動式ホーム柵,2007/09/01 00:00,○,東京メトロ銀座線ホーム（1・2番線）はH30.4に設置、日比谷線ホーム（5・6番線）は未設置,
42,東京メトロ,丸ノ内線,霞ケ関,東京都千代田区,相対式2面2線,1・2番線,可動式ホーム柵,2007/09/01 00:00,○,東京メトロ日比谷線ホーム（3・4番線）はいずれも未設置,
43,東京メトロ,丸ノ内線,国会議事堂前,東京都千代田区,相対式2面2線,1・2番線,可動式ホーム柵,2007/07/01 00:00,,東京メトロ千代田線ホーム（3・4番線）は未設置,
44,東京メトロ,丸ノ内線,赤坂見附,東京都港区,島式二層2面4線,2・4番線,可動式ホーム柵,2007/06/01 00:00,○,東京メトロ銀座線側（1・3番線）はH30.2に設置,
,東京メトロ,丸ノ内線,四ツ谷,東京都新宿区,相対式2面2線,1・2番線,可動式ホーム柵,2007/05/01 00:00,○,（参照）【東京メトロ南北線】,
45,東京メトロ,丸ノ内線,四谷三丁目,東京都新宿区,相対式2面2線,1・2番線,可動式ホーム柵,2007/02/01 00:00,,,
46,東京メトロ,丸ノ内線,新宿御苑前,東京都新宿区,相対式2面2線,1・2番線,可動式ホーム柵,2006/12/01 00:00,,,
47,東京メトロ,丸ノ内線,新宿三丁目,東京都新宿区,島式1面2線,1・2番線,可動式ホーム柵,2006/11/01 00:00,○,東京メトロ副都心線ホーム（3・4番線）はH20.6に設置,
48,東京メトロ,丸ノ内線,新宿,東京都新宿区,島式1面2線,1・2番線,可動式ホーム柵,2006/10/01 00:00,○,,
49,東京メトロ,丸ノ内線,西新宿,東京都新宿区,相対式2面2線,1・2番線,可動式ホーム柵,2006/09/01 00:00,,,
50,東京メトロ,丸ノ内線,中野坂上,東京都中野区,島式2面3線,1・2・3番線,可動式ホーム柵,2004/05/01 00:00,,本線ホーム（1・3番線）はH18.8に設置,
51,東京メトロ,丸ノ内線,新中野,東京都中野区,相対式2面2線,1・2番線,可動式ホーム柵,2006/08/01 00:00,,,
52,東京メトロ,丸ノ内線,東高円寺,東京都杉並区,相対式2面2線,1・2番線,可動式ホーム柵,2006/07/01 00:00,,,
53,東京メトロ,丸ノ内線,新高円寺,東京都杉並区,相対式2面2線,1・2番線,可動式ホーム柵,2006/07/01 00:00,,,
54,東京メトロ,丸ノ内線,南阿佐ケ谷,東京都杉並区,相対式2面2線,1・2番線,可動式ホーム柵,2006/06/01 00:00,,,
55,東京メトロ,丸ノ内線,荻窪,東京都杉並区,島式1面2線,1・2番線,可動式ホーム柵,2006/06/01 00:00,,,
56,東京メトロ,丸ノ内線（支線）,中野新橋,東京都中野区,相対式2面2線,1・2番線,可動式ホーム柵,2004/05/01 00:00,,,
57,東京メトロ,丸ノ内線（支線）,中野富士見町,東京都中野区,相対式2面2線,1・2番線,可動式ホーム柵,2004/05/01 00:00,,,
58,東京メトロ,丸ノ内線（支線）,方南町,東京都杉並区,島式1面2線,1・2番線,可動式ホーム柵,2004/05/01 00:00,,,
,東京メトロ,副都心線,和光市,埼玉県和光市,島式2面4線,1・2･3・4番線,可動式ホーム柵,2012/07/01 00:00,○,（参照）【東武東上線】,◎全駅
,東京メトロ,副都心線,地下鉄成増,東京都板橋区,島式1面2線,1・2番線,可動式ホーム柵,2010/10/01 00:00,,（参照）【東京メトロ有楽町線】,
,東京メトロ,副都心線,地下鉄赤塚,東京都練馬区,島式1面2線,1・2番線,可動式ホーム柵,2010/09/01 00:00,,（参照）【東京メトロ有楽町線】,
,東京メトロ,副都心線,平和台,東京都練馬区,島式1面2線,1・2番線,可動式ホーム柵,2010/09/01 00:00,,（参照）【東京メトロ有楽町線】,
,東京メトロ,副都心線,氷川台,東京都練馬区,相対式2面2線,1・2番線,可動式ホーム柵,2010/08/01 00:00,,（参照）【東京メトロ有楽町線】,
59,東京メトロ,副都心線,小竹向原,東京都練馬区,島式2面4線,1・2・3・4番線,可動式ホーム柵,2008/06/01 00:00,○,東京メトロ有楽町線・西武有楽町線と共用,
60,東京メトロ,副都心線,千川,東京都豊島区,島式1面2線,3・4番線,可動式ホーム柵,2008/06/01 00:00,,東京メトロ有楽町線ホーム（1･2番線）はH26.2に設置,
61,東京メトロ,副都心線,要町,東京都豊島区,島式1面2線,3・4番線,可動式ホーム柵,2008/06/01 00:00,,東京メトロ有楽町線ホーム（1･2番線）はH23.1に設置,
,東京メトロ,副都心線,池袋,東京都豊島区,島式1面2線,5・6番線,可動式ホーム柵,2008/06/01 00:00,○,（参照）【東京メトロ丸ノ内線】,
62,東京メトロ,副都心線,雑司が谷,東京都豊島区,島式1面2線,1・2番線,可動式ホーム柵,2008/06/01 00:00,,,
63,東京メトロ,副都心線,西早稲田,東京都新宿区,島式1面2線,1・2番線,可動式ホーム柵,2008/06/01 00:00,,,
64,東京メトロ,副都心線,東新宿,東京都新宿区,島式二層2面4線,1・2・3・4番線,可動式ホーム柵,2008/06/01 00:00,,現1・3番線（元通過線側のホーム）はH27.5に設置,
,東京メトロ,副都心線,新宿三丁目,東京都新宿区,島式1面2線,3・4番線,可動式ホーム柵,2008/06/01 00:00,○,（参照）【東京メトロ丸ノ内線】,
65,東京メトロ,副都心線,北参道,東京都渋谷区,島式1面2線,1・2番線,可動式ホーム柵,2008/06/01 00:00,,,
66,東京メトロ,副都心線,明治神宮前（原宿）,東京都渋谷区,島式1面2線,3・4番線,可動式ホーム柵,2008/06/01 00:00,○,,
,東京メトロ,副都心線,渋谷,東京都渋谷区,島式2面4線,3・4・5・6番線,可動式ホーム柵,2008/06/01 00:00,○,（参照）【東急東横線】,
,東京メトロ,有楽町線,和光市,埼玉県和光市,島式2面4線,1・2･3・4番線,可動式ホーム柵,2012/07/01 00:00,○,（参照）【東武東上線】,◎全駅
67,東京メトロ,有楽町線,地下鉄成増,東京都板橋区,島式1面2線,1・2番線,可動式ホーム柵,2010/10/01 00:00,,,
68,東京メトロ,有楽町線,地下鉄赤塚,東京都練馬区,島式1面2線,1・2番線,可動式ホーム柵,2010/09/01 00:00,,,
69,東京メトロ,有楽町線,平和台,東京都練馬区,島式1面2線,1・2番線,可動式ホーム柵,2010/09/01 00:00,,,
70,東京メトロ,有楽町線,氷川台,東京都練馬区,相対式2面2線,1・2番線,可動式ホーム柵,2010/08/01 00:00,,,
,東京メトロ,有楽町線,小竹向原,東京都練馬区,島式2面4線,1･2･3･4番線,可動式ホーム柵,2008/06/01 00:00,○,（参照）【東京メトロ副都心線】,
,東京メトロ,有楽町線,千川,東京都豊島区,島式1面2線,1・2番線,可動式ホーム柵,2014/02/01 00:00,,（参照）【東京メトロ副都心線】,
,東京メトロ,有楽町線,要町,東京都豊島区,島式1面2線,1・2番線,可動式ホーム柵,2011/01/01 00:00,,（参照）【東京メトロ副都心線】,
,東京メトロ,有楽町線,池袋,東京都豊島区,島式1面2線,3・4番線,可動式ホーム柵,2011/01/01 00:00,○,（参照）【東京メトロ丸ノ内線】,
71,東京メトロ,有楽町線,東池袋,東京都豊島区,島式1面2線,1・2番線,可動式ホーム柵,2011/02/01 00:00,,,
72,東京メトロ,有楽町線,護国寺,東京都文京区,島式1面2線,1・2番線,可動式ホーム柵,2011/03/01 00:00,,,
73,東京メトロ,有楽町線,江戸川橋,東京都文京区,島式1面2線,1・2番線,可動式ホーム柵,2011/08/01 00:00,,,
,東京メトロ,有楽町線,飯田橋,東京都千代田区、新宿区,島式1面2線,3・4番線,可動式ホーム柵,2011/09/01 00:00,○,（参照）【東京メトロ南北線】,
,東京メトロ,有楽町線,市ケ谷,東京都新宿区,島式1面2線,1・2番線,可動式ホーム柵,2011/10/01 00:00,○,（参照）【東京メトロ南北線】,
74,東京メトロ,有楽町線,麴町,東京都千代田区,単式二層2面2線,1・2番線,可動式ホーム柵,2011/11/01 00:00,,,
,東京メトロ,有楽町線,永田町,東京都千代田区,島式1面2線,1・2番線,可動式ホーム柵,2012/02/01 00:00,,（参照）【東京メトロ南北線】,
75,東京メトロ,有楽町線,桜田門,東京都千代田区,島式1面2線,1・2番線,可動式ホーム柵,2012/02/01 00:00,,,
76,東京メトロ,有楽町線,有楽町,東京都千代田区,島式1面2線,1・2番線,可動式ホーム柵,2012/03/01 00:00,○,,
77,東京メトロ,有楽町線,銀座一丁目,東京都中央区,単式二層2面2線,1・2番線,可動式ホーム柵,2012/04/01 00:00,,,
78,東京メトロ,有楽町線,新富町,東京都中央区,相対式2面2線,1・2番線,可動式ホーム柵,2013/06/01 00:00,,,
79,東京メトロ,有楽町線,月島,東京都中央区,島式1面2線,1・2番線,可動式ホーム柵,2013/06/01 00:00,,,
80,東京メトロ,有楽町線,豊洲,東京都江東区,島式2面4線,1・2・3・4番線,可動式ホーム柵,2013/10/01 00:00,○,1・4番線はH25.10、2・3番線はH25.12に設置,
81,東京メトロ,有楽町線,辰巳,東京都江東区,島式1面2線,1・2番線,可動式ホーム柵,2013/11/01 00:00,,,
82,東京メトロ,有楽町線,新木場,東京都江東区,島式1面2線,1・2番線,可動式ホーム柵,2013/06/01 00:00,○,,
83,東京メトロ,銀座線,浅草,東京都台東区,相対式2面2線,1・2番線,可動式ホーム柵,2017/06/01 00:00,○,,△一部の駅
84,東京メトロ,銀座線,田原町,東京都台東区,相対式2面2線,1・2番線,可動式ホーム柵,2017/07/01 00:00,,,
85,東京メトロ,銀座線,稲荷町,東京都台東区,相対式2面2線,1・2番線,可動式ホーム柵,2017/07/01 00:00,,,
86,東京メトロ,銀座線,上野,東京都台東区,相対式2面2線,1・2番線,可動式ホーム柵,2016/03/01 00:00,○,2番線はH29.8に設置、東京メトロ日比谷線ホーム（1・2番線）は未設置,
87,東京メトロ,銀座線,上野広小路,東京都台東区,相対式2面2線,1・2番線,可動式ホーム柵,2017/09/01 00:00,,,
88,東京メトロ,銀座線,末広町,東京都千代田区,相対式2面2線,1・2番線,可動式ホーム柵,2017/10/01 00:00,,,
89,東京メトロ,銀座線,神田,東京都千代田区,島式1面2線,1・2番線,可動式ホーム柵,2017/11/01 00:00,,,
90,東京メトロ,銀座線,三越前,東京都中央区,島式1面2線,1・2番線,可動式ホーム柵,2018/03/01 00:00,○,東京メトロ半蔵門線ホーム（3・4番線）は未設置,
91,東京メトロ,銀座線,日本橋,東京都中央区,相対式2面2線,1・2番線,可動式ホーム柵,2018/03/01 00:00,○,東京メトロ東西線ホーム（3・4番線）はR1.9に設置,
92,東京メトロ,銀座線,京橋,東京都中央区,島式1面2線,1・2番線,可動式ホーム柵,2018/08/01 00:00,,,
,東京メトロ,銀座線,銀座,東京都中央区,島式1面2線,1・2番線,可動式ホーム柵,2018/04/01 00:00,○,（参照）【東京メトロ丸ノ内線】,
93,東京メトロ,銀座線,新橋,東京都港区,相対式2面2線,1・2番線,可動式ホーム柵,2018/09/01 00:00,○,,
94,東京メトロ,銀座線,虎ノ門,東京都港区,相対式2面2線,1・2番線,可動式ホーム柵,2018/05/01 00:00,○,,
,東京メトロ,銀座線,溜池山王,東京都港区,島式1面2線,1・2番線,可動式ホーム柵,2018/07/01 00:00,○,（参照）【東京メトロ南北線】,
,東京メトロ,銀座線,赤坂見附,東京都港区,島式二層2面4線,1・3番線,可動式ホーム柵,2018/02/01 00:00,○,（参照）【東京メトロ丸ノ内線】,
95,東京メトロ,銀座線,青山一丁目,東京都港区,相対式2面2線,1・2番線,可動式ホーム柵,2017/12/01 00:00,○,東京メトロ半蔵門線ホーム（3・4番線）はH30.8に設置,
96,東京メトロ,銀座線,外苑前,東京都港区,相対式2面2線,1・2番線,可動式ホーム柵,2017/12/01 00:00,,,
97,東京メトロ,銀座線,表参道,東京都港区,島式2面4線,4・5番線,可動式ホーム柵,2018/07/01 00:00,○,東京メトロ千代田線ホーム（1・2番線）はH30.12に設置、東京メトロ半蔵門線ホーム（3・6番線）はH30.10に設置,
98,東京メトロ,東西線,高田馬場,東京都新宿区,相対式2面2線,1・2番線,可動式ホーム柵,2018/06/01 00:00,○,,△一部の駅
99,東京メトロ,東西線,早稲田,東京都新宿区,相対式2面2線,1・2番線,可動式ホーム柵,2018/12/01 00:00,,,
100,東京メトロ,東西線,神楽坂,東京都新宿区,単式二層2面2線,1・2番線,可動式ホーム柵,2019/03/01 00:00,,,
,東京メトロ,東西線,飯田橋,東京都千代田区,相対式2面2線,1・2番線,可動式ホーム柵,2018/11/01 00:00,○,（参照）【東京メトロ南北線】,
101,東京メトロ,東西線,九段下,東京都千代田区,相対式2面2線,1・2番線,可動式ホーム柵,2018/02/01 00:00,○,東京メトロ半蔵門線ホーム（3･4番線）はH30.3に設置,
102,東京メトロ,東西線,竹橋,東京都千代田区,相対式2面2線,1・2番線,可動式ホーム柵,2019/04/01 00:00,,,
,東京メトロ,東西線,日本橋,東京都中央区,島式1面2線,3・4番線,可動式ホーム柵,2019/09/01 00:00,○,（参照）【東京メトロ銀座線】,
103,東京メトロ,東西線,門前仲町,東京都江東区,相対式2面2線,1・2番線,可動式ホーム柵,2020/03/01 00:00,,,
,東京メトロ,半蔵門線,渋谷,東京都渋谷区,島式1面2線,1・2番線,可動式ホーム柵,2019/03/01 00:00,○,（参照）【東急田園都市線】,△一部の駅
,東京メトロ,半蔵門線,表参道,東京都港区,島式2面4線,3・6番線,可動式ホーム柵,2018/10/01 00:00,○,（参照）【東京メトロ銀座線】,
,東京メトロ,半蔵門線,青山一丁目,東京都港区,島式1面2線,3・4番線,可動式ホーム柵,2018/08/01 00:00,○,（参照）【東京メトロ銀座線】,
,東京メトロ,半蔵門線,永田町,東京都千代田区,島式1面2線,3・4番線,可動式ホーム柵,2019/03/01 00:00,,（参照）【東京メトロ南北線】,
104,東京メトロ,半蔵門線,半蔵門,東京都千代田区,島式1面2線,1・2番線,可動式ホーム柵,2019/02/01 00:00,,,
,東京メトロ,半蔵門線,九段下,東京都千代田区,相対式2面2線,3・4番線,可動式ホーム柵,2018/03/01 00:00,○,（参照）【東京メトロ東西線】,
1,東京都交通局,浅草線,泉岳寺,東京都港区,島式2面4線,1・2・3・4番線,可動式ホーム柵,2020/03/01 00:00,○,,△一部の駅
,東京都交通局,浅草線,三田,東京都港区,島式1面2線,1・2番線,可動式ホーム柵,2019/12/01 00:00,○,（参照）【都営三田線】,
,東京都交通局,浅草線,大門,東京都港区,相対式2面2線,1・2番線,可動式ホーム柵,2019/11/01 00:00,○,（参照）【都営大江戸線】,
2,東京都交通局,浅草線,新橋,東京都港区,相対式2面2線,1・2番線,可動式ホーム柵,2019/10/01 00:00,○,,
,東京都交通局,三田線,目黒,東京都品川区,島式1面2線,1･2番線,可動式ホーム柵,2000/08/01 00:00,○,（参照）【東急目黒線】,◎全駅
,東京都交通局,三田線,白金台,東京都港区,相対式2面2線,1･2番線,ホームドア,2000/09/01 00:00,,（参照）【東京メトロ南北線】,
,東京都交通局,三田線,白金高輪,東京都港区,島式2面4線,1・2・3・4番線,ホームドア,2000/09/01 00:00,,（参照）【東京メトロ南北線】,
3,東京都交通局,三田線,三田,東京都港区,単式二層2面2線,3・4番線,可動式ホーム柵,2000/08/01 00:00,○,,
4,東京都交通局,三田線,芝公園,東京都港区,相対式2面2線,1・2番線,可動式ホーム柵,2000/08/01 00:00,,,
5,東京都交通局,三田線,御成門,東京都港区,島式1面2線,1・2番線,可動式ホーム柵,2000/08/01 00:00,,,
6,東京都交通局,三田線,内幸町,東京都千代田区,島式1面2線,1・2番線,可動式ホーム柵,2000/08/01 00:00,,,
7,東京都交通局,三田線,日比谷,東京都千代田区,島式1面2線,1・2番線,可動式ホーム柵,2000/08/01 00:00,,,
8,東京都交通局,三田線,大手町,東京都千代田区,島式1面2線,1・2番線,可動式ホーム柵,2000/07/01 00:00,○,,
9,東京都交通局,三田線,神保町,東京都千代田区,島式1面2線,3・4番線,可動式ホーム柵,2000/07/01 00:00,○,,
10,東京都交通局,三田線,水道橋,東京都文京区,島式1面2線,1・2番線,可動式ホーム柵,2000/07/01 00:00,,,
11,東京都交通局,三田線,春日,東京都文京区,相対式2面2線,1・2番線,可動式ホーム柵,2000/07/01 00:00,○,,
12,東京都交通局,三田線,白山,東京都文京区,相対式2面2線,1・2番線,可動式ホーム柵,2000/07/01 00:00,,,
13,東京都交通局,三田線,千石,東京都文京区,島式1面2線,1・2番線,可動式ホーム柵,2000/06/01 00:00,,,
14,東京都交通局,三田線,巣鴨,東京都豊島区,島式1面2線,1・2番線,可動式ホーム柵,2000/06/01 00:00,,,
15,東京都交通局,三田線,西巣鴨,東京都豊島区,島式1面2線,1・2番線,可動式ホーム柵,2000/06/01 00:00,,,
16,東京都交通局,三田線,新板橋,東京都板橋区,島式1面2線,1・2番線,可動式ホーム柵,2000/06/01 00:00,,,
17,東京都交通局,三田線,板橋区役所前,東京都板橋区,相対式2面2線,1・2番線,可動式ホーム柵,2000/06/01 00:00,,,
18,東京都交通局,三田線,板橋本町,東京都板橋区,相対式2面2線,1・2番線,可動式ホーム柵,2000/06/01 00:00,,,
19,東京都交通局,三田線,本蓮沼,東京都板橋区,相対式2面2線,1・2番線,可動式ホーム柵,2000/05/01 00:00,,,
20,東京都交通局,三田線,志村坂上,東京都板橋区,相対式2面2線,1・2番線,可動式ホーム柵,2000/05/01 00:00,,,
21,東京都交通局,三田線,志村三丁目,東京都板橋区,相対式2面2線,1・2番線,可動式ホーム柵,2000/05/01 00:00,,,
22,東京都交通局,三田線,蓮根,東京都板橋区,島式1面2線,1・2番線,可動式ホーム柵,2000/05/01 00:00,,,
23,東京都交通局,三田線,西台,東京都板橋区,相対式2面2線,1・2番線,可動式ホーム柵,2000/05/01 00:00,,,
24,東京都交通局,三田線,高島平,東京都板橋区,島式2面4線,1・2・3・4番線,可動式ホーム柵,2000/04/01 00:00,,,
25,東京都交通局,三田線,新高島平,東京都板橋区,相対式2面2線,1・2番線,可動式ホーム柵,2000/04/01 00:00,,,
26,東京都交通局,三田線,西高島平,東京都板橋区,相対式2面2線,1・2番線,可動式ホーム柵,2000/04/01 00:00,,,
27,東京都交通局,大江戸線,清澄白河,東京都江東区,島式2面3線,1・2・3・4番線,可動式ホーム柵,2011/04/01 00:00,,,◎全駅
28,東京都交通局,大江戸線,門前仲町,東京都江東区,島式1面2線,1・2番線,可動式ホーム柵,2011/07/01 00:00,,,
29,東京都交通局,大江戸線,月島,東京都江東区,島式1面2線,1・2番線,可動式ホーム柵,2011/08/01 00:00,,,
30,東京都交通局,大江戸線,勝どき,東京都中央区,相対式2面2線,1・2番線,可動式ホーム柵,2011/08/01 00:00,○,,
31,東京都交通局,大江戸線,築地市場,東京都中央区,島式1面2線,1・2番線,可動式ホーム柵,2011/09/01 00:00,,,
32,東京都交通局,大江戸線,汐留,東京都中央区,島式1面2線,1・2番線,可動式ホーム柵,2011/10/01 00:00,,,
33,東京都交通局,大江戸線,大門,東京都港区,島式1面2線,3・4番線,可動式ホーム柵,2011/10/01 00:00,○,,
34,東京都交通局,大江戸線,赤羽橋,東京都港区,島式1面2線,1・2番線,可動式ホーム柵,2011/11/01 00:00,,,
35,東京都交通局,大江戸線,麻布十番,東京都港区,島式1面2線,1・2番線,可動式ホーム柵,2011/11/01 00:00,,,
36,東京都交通局,大江戸線,六本木,東京都港区,単式二層2面2線,1・2番線,可動式ホーム柵,2011/12/01 00:00,,,
37,東京都交通局,大江戸線,青山一丁目,東京都港区,島式1面2線,1・2番線,可動式ホーム柵,2011/12/01 00:00,,,
38,東京都交通局,大江戸線,国立競技場,東京都新宿区,島式1面2線,1・2番線,可動式ホーム柵,2012/01/01 00:00,,,
39,東京都交通局,大江戸線,代々木,東京都渋谷区,島式1面2線,1・2番線,可動式ホーム柵,2012/02/01 00:00,,,
,東京都交通局,大江戸線,新宿,東京都新宿区,島式1面2線,6・7番線,可動式ホーム柵,2012/02/01 00:00,○,（参照）【京王電鉄京王線】,
40,東京都交通局,大江戸線,都庁前,東京都新宿区,島式2面4線,1・2・3・4番線,可動式ホーム柵,2012/03/01 00:00,,2・3番線はH24.11に設置,
41,東京都交通局,大江戸線,森下,東京都江東区,島式1面2線,3・4番線,可動式ホーム柵,2012/03/01 00:00,○,,
42,東京都交通局,大江戸線,両国,東京都墨田区,島式1面2線,1・2番線,可動式ホーム柵,2012/04/01 00:00,,,
43,東京都交通局,大江戸線,蔵前,東京都台東区,島式1面2線,1・2番線,可動式ホーム柵,2012/04/01 00:00,,都営浅草線（1・2番線）とは別カウント、未設置,
44,東京都交通局,大江戸線,新御徒町,東京都台東区,島式1面2線,1・2番線,可動式ホーム柵,2012/05/01 00:00,,,
45,東京都交通局,大江戸線,上野御徒町,東京都台東区,島式1面2線,1・2番線,可動式ホーム柵,2012/05/01 00:00,,,
46,東京都交通局,大江戸線,本郷三丁目,東京都文京区,島式1面2線,1・2番線,可動式ホーム柵,2012/06/01 00:00,,,
,東京都交通局,大江戸線,春日,東京都文京区,島式1面2線,3・4番線,可動式ホーム柵,2012/06/01 00:00,○,（参照）【都営三田線】,
47,東京都交通局,大江戸線,飯田橋,東京都文京区,島式1面2線,1・2番線,可動式ホーム柵,2012/08/01 00:00,,,
48,東京都交通局,大江戸線,牛込神楽坂,東京都新宿区,島式1面2線,1・2番線,可動式ホーム柵,2012/09/01 00:00,,,
49,東京都交通局,大江戸線,牛込柳町,東京都新宿区,島式1面2線,1・2番線,可動式ホーム柵,2012/09/01 00:00,,,
50,東京都交通局,大江戸線,若松河田,東京都新宿区,島式1面2線,1・2番線,可動式ホーム柵,2012/10/01 00:00,,,
51,東京都交通局,大江戸線,東新宿,東京都新宿区,島式1面2線,1・2番線,可動式ホーム柵,2012/10/01 00:00,,,
52,東京都交通局,大江戸線,新宿西口,東京都新宿区,島式1面2線,1・2番線,可動式ホーム柵,2012/11/01 00:00,,,
53,東京都交通局,大江戸線,光が丘,東京都練馬区,島式1面2線,1・2番線,可動式ホーム柵,2012/12/01 00:00,,,
54,東京都交通局,大江戸線,練馬春日町,東京都練馬区,島式1面2線,1・2番線,可動式ホーム柵,2012/12/01 00:00,,,
55,東京都交通局,大江戸線,豊島園,東京都練馬区,島式1面2線,1・2番線,可動式ホーム柵,2013/01/01 00:00,,,
56,東京都交通局,大江戸線,練馬,東京都練馬区,島式1面2線,1・2番線,可動式ホーム柵,2013/01/01 00:00,,,
57,東京都交通局,大江戸線,新江古田,東京都中野区,島式1面2線,1・2番線,可動式ホーム柵,2013/02/01 00:00,,,
58,東京都交通局,大江戸線,落合南長崎,東京都新宿区,島式1面2線,1・2番線,可動式ホーム柵,2013/02/01 00:00,,,
59,東京都交通局,大江戸線,中井,東京都新宿区,島式1面2線,1・2番線,可動式ホーム柵,2013/03/01 00:00,,,
60,東京都交通局,大江戸線,東中野,東京都中野区,島式1面2線,1・2番線,可動式ホーム柵,2013/03/01 00:00,,,
61,東京都交通局,大江戸線,中野坂上,東京都中野区,島式1面2線,1・2番線,可動式ホーム柵,2013/04/01 00:00,,,
62,東京都交通局,大江戸線,西新宿五丁目,東京都新宿区,島式1面2線,1・2番線,可動式ホーム柵,2013/04/01 00:00,,,
,東京都交通局,新宿線,新宿,東京都新宿区,島式1面2線,4・5番線,可動式ホーム柵,2019/02/01 00:00,○,（参照）【京王電鉄京王線】,◎全駅
63,東京都交通局,新宿線,新宿三丁目,東京都新宿区,島式1面2線,1・2番線,可動式ホーム柵,2019/08/01 00:00,,,
64,東京都交通局,新宿線,曙橋,東京都新宿区,相対式2面2線,1・2番線,可動式ホーム柵,2019/07/01 00:00,,,
65,東京都交通局,新宿線,市ヶ谷,東京都千代田区,相対式2面2線,1・2番線,可動式ホーム柵,2019/06/01 00:00,○,,
66,東京都交通局,新宿線,九段下,東京都千代田区,相対式2面2線,5・6番線,可動式ホーム柵,2019/06/01 00:00,○,,
,東京都交通局,新宿線,神保町,東京都千代田区,相対式2面2線,1・2番線,可動式ホーム柵,2019/04/01 00:00,○,（参照）【都営三田線】,
67,東京都交通局,新宿線,小川町,東京都千代田区,島式1面2線,3・4番線,可動式ホーム柵,2019/04/01 00:00,,,
68,東京都交通局,新宿線,岩本町,東京都千代田区,島式2面3線,1・2・3・4番線,可動式ホーム柵,2019/03/01 00:00,,,
69,東京都交通局,新宿線,馬喰横山,東京都中央区,相対式2面2線,1・2番線,可動式ホーム柵,2019/01/01 00:00,○,,
70,東京都交通局,新宿線,浜町,東京都中央区,島式1面2線,1・2番線,可動式ホーム柵,2018/12/01 00:00,,,
,東京都交通局,新宿線,森下,東京都江東区,島式1面2線,1・2番線,可動式ホーム柵,2018/11/01 00:00,○,（参照）【都営大江戸線】,
71,東京都交通局,新宿線,菊川,東京都墨田区,島式1面2線,1・2番線,可動式ホーム柵,2018/11/01 00:00,,,
72,東京都交通局,新宿線,住吉,東京都江東区,相対式2面2線,1・2番線,可動式ホーム柵,2018/10/01 00:00,,,
73,東京都交通局,新宿線,西大島,東京都江東区,島式1面2線,1・2番線,可動式ホーム柵,2018/09/01 00:00,,,
74,東京都交通局,新宿線,大島,東京都江東区,島式2面3線,1・2・3・4番線,可動式ホーム柵,2018/09/01 00:00,,,
75,東京都交通局,新宿線,東大島,東京都江東区,相対式2面2線,1・2番線,可動式ホーム柵,2018/08/01 00:00,,,
76,東京都交通局,新宿線,船堀,東京都江戸川区,相対式2面2線,1・2番線,可動式ホーム柵,2018/07/01 00:00,,,
77,東京都交通局,新宿線,一之江,東京都江戸川区,島式1面2線,1・2番線,可動式ホーム柵,2018/06/01 00:00,,,
78,東京都交通局,新宿線,瑞江,東京都江戸川区,島式1面2線,1・2番線,可動式ホーム柵,2018/06/01 00:00,,,
79,東京都交通局,新宿線,篠崎,東京都江戸川区,島式1面2線,1・2番線,可動式ホーム柵,2018/05/01 00:00,,,
80,東京都交通局,新宿線,本八幡,千葉県市川市,島式1面2線,1・2番線,可動式ホーム柵,2018/04/01 00:00,,,
1,横浜市交通局,ブルーライン,あざみ野,神奈川県横浜市青葉区,島式1面2線,1・2番線,可動式ホーム柵,2007/04/01 00:00,,,◎全駅
2,横浜市交通局,ブルーライン,中川,神奈川県横浜市都筑区,相対式2面2線,1・2番線,可動式ホーム柵,2007/04/01 00:00,,,
3,横浜市交通局,ブルーライン,センター北,神奈川県横浜市都筑区,島式1面2線,3・4番線,可動式ホーム柵,2007/04/01 00:00,,横浜市グリーンラインホーム（1・2番線）はH20.3に設置,
4,横浜市交通局,ブルーライン,センター南,神奈川県横浜市都筑区,島式1面2線,3・4番線,可動式ホーム柵,2007/04/01 00:00,,横浜市グリーンラインホーム（1・2番線）はH20.3に設置,
5,横浜市交通局,ブルーライン,仲町台,神奈川県横浜市都筑区,相対式2面2線,1・2番線,可動式ホーム柵,2007/04/01 00:00,,,
6,横浜市交通局,ブルーライン,新羽,神奈川県横浜市港北区,島式2面3線,1・2・3・4番線,可動式ホーム柵,2007/04/01 00:00,,,
7,横浜市交通局,ブルーライン,北新横浜,神奈川県横浜市港北区,島式1面2線,1・2番線,可動式ホーム柵,2007/04/01 00:00,,,
8,横浜市交通局,ブルーライン,新横浜,神奈川県横浜市港北区,島式1面2線,1・2番線,可動式ホーム柵,2007/04/01 00:00,,,
9,横浜市交通局,ブルーライン,岸根公園,神奈川県横浜市港北区,相対式2面2線,1・2番線,可動式ホーム柵,2007/04/01 00:00,,,
10,横浜市交通局,ブルーライン,片倉町,神奈川県横浜市神奈川区,相対式2面2線,1・2番線,可動式ホーム柵,2007/04/01 00:00,,,
11,横浜市交通局,ブルーライン,三ツ沢上町,神奈川県横浜市神奈川区,相対式2面2線,1・2番線,可動式ホーム柵,2007/04/01 00:00,,,
12,横浜市交通局,ブルーライン,三ツ沢下町,神奈川県横浜市神奈川区,相対式2面2線,1・2番線,可動式ホーム柵,2007/04/01 00:00,,,
13,横浜市交通局,ブルーライン,横浜,神奈川県横浜市西区,島式1面2線,1・2番線,可動式ホーム柵,2007/04/01 00:00,○,,
14,横浜市交通局,ブルーライン,高島町,神奈川県横浜市西区,島式1面2線,1・2番線,可動式ホーム柵,2007/05/01 00:00,,,
15,横浜市交通局,ブルーライン,桜木町,神奈川県横浜市中区,島式1面2線,1・2番線,可動式ホーム柵,2007/05/01 00:00,,,
16,横浜市交通局,ブルーライン,関内,神奈川県横浜市中区,単式二層2面2線,2・4番線,可動式ホーム柵,2007/05/01 00:00,,1・3番線なし,
17,横浜市交通局,ブルーライン,伊勢佐木長者町,神奈川県横浜市中区,島式1面2線,1・2番線,可動式ホーム柵,2007/05/01 00:00,,,
18,横浜市交通局,ブルーライン,阪東橋,神奈川県横浜市中区,島式1面2線,1・2番線,可動式ホーム柵,2007/06/01 00:00,,,
19,横浜市交通局,ブルーライン,吉野町,神奈川県横浜市南区,島式1面2線,1・2番線,可動式ホーム柵,2007/06/01 00:00,,,
20,横浜市交通局,ブルーライン,蒔田,神奈川県横浜市南区,相対式2面2線,1・2番線,可動式ホーム柵,2007/06/01 00:00,,,
21,横浜市交通局,ブルーライン,弘明寺,神奈川県横浜市南区,相対式2面2線,1・2番線,可動式ホーム柵,2007/06/01 00:00,,,
22,横浜市交通局,ブルーライン,上大岡,神奈川県横浜市港南区,島式1面2線,1・2番線,可動式ホーム柵,2007/07/01 00:00,,,
23,横浜市交通局,ブルーライン,港南中央,神奈川県横浜市港南区,相対式2面2線,1・2番線,可動式ホーム柵,2007/07/01 00:00,,,
24,横浜市交通局,ブルーライン,上永谷,神奈川県横浜市港南区,島式2面4線,1・2・3・4番線,可動式ホーム柵,2007/07/01 00:00,,,
25,横浜市交通局,ブルーライン,下永谷,神奈川県横浜市港南区,相対式2面2線,1・2番線,可動式ホーム柵,2007/08/01 00:00,,,
26,横浜市交通局,ブルーライン,舞岡,神奈川県横浜市戸塚区,相対式2面2線,1・2番線,可動式ホーム柵,2007/08/01 00:00,,,
27,横浜市交通局,ブルーライン,戸塚,神奈川県横浜市戸塚区,島式1面2線,1・2番線,可動式ホーム柵,2007/08/01 00:00,,,
28,横浜市交通局,ブルーライン,踊場,神奈川県横浜市泉区,島式1面2線,1・2番線,可動式ホーム柵,2007/08/01 00:00,,,
29,横浜市交通局,ブルーライン,中田,神奈川県横浜市泉区,島式1面2線,1・2番線,可動式ホーム柵,2007/09/01 00:00,,,
30,横浜市交通局,ブルーライン,立場,神奈川県横浜市泉区,島式1面2線,1・2番線,可動式ホーム柵,2007/09/01 00:00,,,
31,横浜市交通局,ブルーライン,下飯田,神奈川県横浜市泉区,島式1面2線,1・2番線,可動式ホーム柵,2007/09/01 00:00,,,
32,横浜市交通局,ブルーライン,湘南台,神奈川県藤沢市,島式1面2線,1・2番線,可動式ホーム柵,2007/09/01 00:00,,,
33,横浜市交通局,グリーンライン,中山,神奈川県横浜市緑区,島式1面2線,1・2番線,可動式ホーム柵,2008/03/01 00:00,,,◎全駅
34,横浜市交通局,グリーンライン,川和町,神奈川県横浜市都筑区,島式1面2線,3・4番線,可動式ホーム柵,2008/03/01 00:00,,1・2番線ホームなし（留置線）,
35,横浜市交通局,グリーンライン,都筑ふれあいの丘,神奈川県横浜市都筑区,島式1面2線,1・2番線,可動式ホーム柵,2008/03/01 00:00,,,
,横浜市交通局,グリーンライン,センター南,神奈川県横浜市都筑区,島式1面2線,1・2番線,可動式ホーム柵,2008/03/01 00:00,,（参照）【横浜市ブルーライン】,
,横浜市交通局,グリーンライン,センター北,神奈川県横浜市都筑区,島式1面2線,1・2番線,可動式ホーム柵,2008/03/01 00:00,,（参照）【横浜市ブルーライン】,
36,横浜市交通局,グリーンライン,北山田,神奈川県横浜市都筑区,島式1面2線,1・2番線,可動式ホーム柵,2008/03/01 00:00,,,
37,横浜市交通局,グリーンライン,東山田,神奈川県横浜市都筑区,島式1面2線,1・2番線,可動式ホーム柵,2008/03/01 00:00,,,
38,横浜市交通局,グリーンライン,高田,神奈川県横浜市港北区,単式二層2面2線,1・2番線,可動式ホーム柵,2008/03/01 00:00,,,
39,横浜市交通局,グリーンライン,日吉本町,神奈川県横浜市港北区,島式1面2線,1・2番線,可動式ホーム柵,2008/03/01 00:00,,,
40,横浜市交通局,グリーンライン,日吉,神奈川県横浜市港北区,島式1面2線,1・2番線,可動式ホーム柵,2008/03/01 00:00,,,
,名古屋市交通局,上飯田線,上飯田,愛知県名古屋市北区,島式1面2線,1･2番線,可動式ホーム柵,2003/03/01 00:00,,（参照）【名鉄小牧線】,◎全駅
1,名古屋市交通局,上飯田線,平安通,愛知県名古屋市北区,島式1面2線,3・4番線,可動式ホーム柵,2003/03/01 00:00,,愛知県名古屋市名城線ホーム（1・2番線）は未設置,
2,名古屋市交通局,桜通線,中村区役所,愛知県名古屋市中村区,島式1面2線,1・2番線,可動式ホーム柵,2011/01/01 00:00,,1番線は乗車ホーム・2番線は降車ホーム,◎全駅
3,名古屋市交通局,桜通線,名古屋,愛知県名古屋市中村区,島式1面2線,3・4番線,可動式ホーム柵,2011/02/01 00:00,○,愛知県名古屋市東山線ホーム（1・2番線）はH27.10に設置,
4,名古屋市交通局,桜通線,国際センター,愛知県名古屋市中村区,島式1面2線,1・2番線,可動式ホーム柵,2011/02/01 00:00,,,
5,名古屋市交通局,桜通線,丸の内,愛知県名古屋市中区,島式1面2線,3・4番線,可動式ホーム柵,2011/03/01 00:00,,愛知県名古屋市鶴舞線ホーム（1・2番線）は未設置,
6,名古屋市交通局,桜通線,久屋大通,愛知県名古屋市中区,島式1面2線,3・4番線,可動式ホーム柵,2011/03/01 00:00,,愛知県名古屋市名城線ホーム（1・2番線）は未設置,
7,名古屋市交通局,桜通線,高岳,愛知県名古屋市東区,島式1面2線,1・2番線,可動式ホーム柵,2011/04/01 00:00,,,
8,名古屋市交通局,桜通線,車道,愛知県名古屋市東区,島式1面2線,1・2番線,可動式ホーム柵,2011/04/01 00:00,,,
9,名古屋市交通局,桜通線,今池,愛知県名古屋市千種区,島式1面2線,3・4番線,可動式ホーム柵,2011/04/01 00:00,,愛知県名古屋市東山線ホーム（1・2番線）はH27.11に設置,
10,名古屋市交通局,桜通線,吹上,愛知県名古屋市千種区,島式1面2線,1・2番線,可動式ホーム柵,2011/05/01 00:00,,,
11,名古屋市交通局,桜通線,御器所,愛知県名古屋市昭和区,島式1面2線,3・4番線,可動式ホーム柵,2011/05/01 00:00,,愛知県名古屋市鶴舞線ホーム（1・2番線）は未設置,
12,名古屋市交通局,桜通線,桜山,愛知県名古屋市瑞穂区,島式1面2線,1・2番線,可動式ホーム柵,2011/06/01 00:00,,,
13,名古屋市交通局,桜通線,瑞穂区役所,愛知県名古屋市瑞穂区,島式1面2線,1・2番線,可動式ホーム柵,2011/06/01 00:00,,,
14,名古屋市交通局,桜通線,瑞穂運動場西,愛知県名古屋市瑞穂区,島式1面2線,1・2番線,可動式ホーム柵,2011/06/01 00:00,,,
15,名古屋市交通局,桜通線,新瑞橋,愛知県名古屋市瑞穂区,島式1面2線,3・4番線,可動式ホーム柵,2011/07/01 00:00,,愛知県名古屋市名城線ホーム（1・2番線）は未設置,
16,名古屋市交通局,桜通線,桜本町,愛知県名古屋市南区,島式1面2線,1・2番線,可動式ホーム柵,2011/07/01 00:00,,,
17,名古屋市交通局,桜通線,鶴里,愛知県名古屋市南区,島式1面2線,1・2番線,可動式ホーム柵,2011/07/01 00:00,,,
18,名古屋市交通局,桜通線,野並,愛知県名古屋市天白区,島式1面2線,1・2番線,可動式ホーム柵,2011/07/01 00:00,,,
19,名古屋市交通局,桜通線,鳴子北,愛知県名古屋市天白区,島式1面2線,1・2番線,可動式ホーム柵,2011/03/01 00:00,,,
20,名古屋市交通局,桜通線,相生山,愛知県名古屋市緑区,島式1面2線,1・2番線,可動式ホーム柵,2011/03/01 00:00,,,
21,名古屋市交通局,桜通線,神沢,愛知県名古屋市緑区,島式1面2線,1・2番線,可動式ホーム柵,2011/03/01 00:00,,,
22,名古屋市交通局,桜通線,徳重,愛知県名古屋市緑区,島式1面2線,1・2番線,可動式ホーム柵,2011/03/01 00:00,,1番線は降車ホーム・2番線は乗車ホーム,
23,名古屋市交通局,東山線,高畑,愛知県名古屋市中川区,島式1面2線,1・2番線,可動式ホーム柵,2015/09/01 00:00,,,◎全駅
24,名古屋市交通局,東山線,八田,愛知県名古屋市中川区,島式1面2線,1・2番線,可動式ホーム柵,2015/09/01 00:00,,,
25,名古屋市交通局,東山線,岩塚,愛知県名古屋市中川区,島式1面2線,1・2番線,可動式ホーム柵,2015/09/01 00:00,,,
26,名古屋市交通局,東山線,中村公園,愛知県名古屋市中川区,相対式2面2線,1・2番線,可動式ホーム柵,2015/09/01 00:00,,,
27,名古屋市交通局,東山線,中村日赤,愛知県名古屋市中村区,相対式2面2線,1・2番線,可動式ホーム柵,2015/10/01 00:00,,,
28,名古屋市交通局,東山線,本陣,愛知県名古屋市中村区,相対式2面2線,1・2番線,可動式ホーム柵,2015/10/01 00:00,,,
29,名古屋市交通局,東山線,亀島,愛知県名古屋市中村区,相対式2面2線,1・2番線,可動式ホーム柵,2015/10/01 00:00,,,
,名古屋市交通局,東山線,名古屋,愛知県名古屋市中村区,島式1面2線,1・2番線,可動式ホーム柵,2015/10/01 00:00,○,(参照）【愛知県名古屋市桜通線】,
30,名古屋市交通局,東山線,伏見,愛知県名古屋市中区,相対式2面2線,1・2番線,可動式ホーム柵,2015/11/01 00:00,,愛知県名古屋市鶴舞線ホーム（3・4番線）は未設置,
31,名古屋市交通局,東山線,栄,愛知県名古屋市中区,島式1面2線,1・2番線,可動式ホーム柵,2015/11/01 00:00,○,愛知県名古屋市名城線ホーム（3・4番線）は未設置,
32,名古屋市交通局,東山線,新栄町,愛知県名古屋市東区,相対式2面2線,1・2番線,可動式ホーム柵,2015/11/01 00:00,,,
33,名古屋市交通局,東山線,千種,愛知県名古屋市東区,相対式2面2線,1・2番線,可動式ホーム柵,2015/11/01 00:00,,,
,名古屋市交通局,東山線,今池,愛知県名古屋市千種区,島式1面2線,1・2番線,可動式ホーム柵,2015/11/01 00:00,,(参照）【愛知県名古屋市桜通線】,
34,名古屋市交通局,東山線,池下,愛知県名古屋市千種区,相対式2面2線,1・2番線,可動式ホーム柵,2015/12/01 00:00,,,
35,名古屋市交通局,東山線,覚王山,愛知県名古屋市千種区,相対式2面2線,1・2番線,可動式ホーム柵,2015/12/01 00:00,,,
36,名古屋市交通局,東山線,本山,愛知県名古屋市千種区,相対式2面2線,1・2番線,可動式ホーム柵,2015/12/01 00:00,,愛知県名古屋市名城線ホーム（3・4番線）は未設置,
37,名古屋市交通局,東山線,東山公園,愛知県名古屋市千種区,島式1面2線,1・2番線,可動式ホーム柵,2016/01/01 00:00,,,
38,名古屋市交通局,東山線,星ヶ丘,愛知県名古屋市千種区,島式1面2線,1・2番線,可動式ホーム柵,2016/01/01 00:00,,,
39,名古屋市交通局,東山線,一社,愛知県名古屋市名東区,相対式2面2線,1・2番線,可動式ホーム柵,2016/02/01 00:00,,,
40,名古屋市交通局,東山線,上社,愛知県名古屋市名東区,相対式2面2線,1・2番線,可動式ホーム柵,2016/02/01 00:00,,,
41,名古屋市交通局,東山線,本郷,愛知県名古屋市名東区,相対式2面2線,1・2番線,可動式ホーム柵,2016/02/01 00:00,,,
42,名古屋市交通局,東山線,藤が丘,愛知県名古屋市名東区,相対式2面2線,1・2番線,可動式ホーム柵,2016/02/01 00:00,,1番線は降車ホーム・2番線は乗車ホーム,
,京都市交通局,烏丸線,烏丸御池,京都府京都市中京区,相対式２面２線,1・2番線,可動式ホーム柵,2014/12/01 00:00,○,（参照）【京都市東西線】,◎一部の駅
1,京都市交通局,烏丸線,四条,京都府京都市下京区,島式１面２線,1・2番線,可動式ホーム柵,2015/10/01 00:00,○,,
2,京都市交通局,烏丸線,京都,京都府京都市下京区,島式１面２線,1・2番線,可動式ホーム柵,2015/12/01 00:00,○,,
3,京都市交通局,東西線,六地蔵,京都府宇治市,島式1面2線,1・2番線,ホームドア,2004/11/01 00:00,,,◎全駅
4,京都市交通局,東西線,石田,京都府京都市伏見区,島式1面2線,1・2番線,ホームドア,2004/11/01 00:00,,,
5,京都市交通局,東西線,醍醐,京都府京都市伏見区,島式1面2線,1・2番線,ホームドア,1997/10/01 00:00,,,
6,京都市交通局,東西線,小野,京都府京都市山科区,島式1面2線,1・2番線,ホームドア,1997/10/01 00:00,,,
7,京都市交通局,東西線,椥辻,京都府京都市山科区,島式1面2線,1・2番線,ホームドア,1997/10/01 00:00,,,
8,京都市交通局,東西線,東野,京都府京都市山科区,島式1面2線,1・2番線,ホームドア,1997/10/01 00:00,,,
9,京都市交通局,東西線,山科,京都府京都市山科区,島式1面2線,1・2番線,ホームドア,1997/10/01 00:00,,,
10,京都市交通局,東西線,御陵,京都府京都市山科区,島式二層2面4線,1・2･3・4番線,ホームドア,1997/10/01 00:00,,京阪京津線と共用,
11,京都市交通局,東西線,蹴上,京都府京都市東山区,島式1面2線,1・2番線,ホームドア,1997/10/01 00:00,,,
12,京都市交通局,東西線,東山,京都府京都市東山区,島式1面2線,1・2番線,ホームドア,1997/10/01 00:00,,,
13,京都市交通局,東西線,三条京阪,京都府京都市東山区,島式1面2線,1・2番線,ホームドア,1997/10/01 00:00,,,
14,京都市交通局,東西線,京都市役所前,京都府京都市中京区,島式1面2線,1・2番線,ホームドア,1997/10/01 00:00,,,
15,京都市交通局,東西線,烏丸御池,京都府京都市中京区,島式1面2線,1・2番線,ホームドア,1997/10/01 00:00,○,,
16,京都市交通局,東西線,二条城前,京都府京都市中京区,島式1面2線,1・2番線,ホームドア,1997/10/01 00:00,,,
17,京都市交通局,東西線,二条,京都府京都市中京区,島式1面2線,1・2番線,ホームドア,1997/10/01 00:00,,,
18,京都市交通局,東西線,西大路御池,京都府京都市中京区,島式1面2線,1・2番線,ホームドア,2008/01/01 00:00,,,
19,京都市交通局,東西線,太秦天神川,京都府京都市右京区,島式1面2線,1・2番線,ホームドア,2008/01/01 00:00,,,
1,Osaka Metro,今里筋線,井高野,大阪府大阪市東淀川区,島式1面2線,1・2番線,可動式ホーム柵,2006/12/01 00:00,,,◎全駅
2,Osaka Metro,今里筋線,瑞光四丁目,大阪府大阪市東淀川区,島式1面2線,1・2番線,可動式ホーム柵,2006/12/01 00:00,,,
3,Osaka Metro,今里筋線,だいどう豊里,大阪府大阪市東淀川区,島式1面2線,1・2番線,可動式ホーム柵,2006/12/01 00:00,,,
4,Osaka Metro,今里筋線,太子橋今市,大阪府守口市,島式1面2線,1・2番線,可動式ホーム柵,2006/12/01 00:00,,谷町線ホーム（1・2番線）は未設置,
5,Osaka Metro,今里筋線,清水,大阪府大阪市旭区,島式1面2線,1・2番線,可動式ホーム柵,2006/12/01 00:00,,,
6,Osaka Metro,今里筋線,新森古市,大阪府大阪市旭区,島式1面2線,1・2番線,可動式ホーム柵,2006/12/01 00:00,,,
7,Osaka Metro,今里筋線,関目成育,大阪府大阪市城東区,単式二層2面2線,1・2番線,可動式ホーム柵,2006/12/01 00:00,,,
8,Osaka Metro,今里筋線,蒲生四丁目,大阪府大阪市城東区,島式1面2線,1・2番線,可動式ホーム柵,2006/12/01 00:00,,長堀鶴見緑地線ホーム（1・2番線）はH22.12に設置,
9,Osaka Metro,今里筋線,鴫野,大阪府大阪市城東区,島式1面2線,1・2番線,可動式ホーム柵,2006/12/01 00:00,,,
10,Osaka Metro,今里筋線,緑橋,大阪府大阪市東成区,島式1面2線,1・2番線,可動式ホーム柵,2006/12/01 00:00,,中央線ホーム（1・2番線）は未設置,
11,Osaka Metro,今里筋線,今里,大阪府大阪市東成区,島式1面2線,1・2番線,可動式ホーム柵,2006/12/01 00:00,,千日前線ホーム（1・2番線）はH26.7に設置,
12,Osaka Metro,長堀鶴見緑地線,大正,大阪府大阪市大正区,島式1面2線,1・2番線,可動式ホーム柵,2010/07/01 00:00,,1番線は乗車ホーム・2番線は降車ホーム,◎全駅
13,Osaka Metro,長堀鶴見緑地線,ドーム前千代崎,大阪府大阪市西区,島式1面2線,1・2番線,可動式ホーム柵,2010/08/01 00:00,,,
14,Osaka Metro,長堀鶴見緑地線,西長堀,大阪府大阪市西区,島式1面2線,1・2番線,可動式ホーム柵,2010/09/01 00:00,,千日前線ホーム（1・2番線）はH26.11に設置,
15,Osaka Metro,長堀鶴見緑地線,西大橋,大阪府大阪市西区,島式1面2線,1・2番線,可動式ホーム柵,2010/09/01 00:00,,,
16,Osaka Metro,長堀鶴見緑地線,心斎橋,大阪府大阪市中央区,島式1面2線,1・2番線,可動式ホーム柵,2010/09/01 00:00,○,御堂筋線ホーム（1・2番線）はH27.3に設置,
17,Osaka Metro,長堀鶴見緑地線,長堀橋,大阪府大阪市中央区,島式1面2線,1・2番線,可動式ホーム柵,2010/10/01 00:00,,堺筋線ホーム（1・2番線）は未設置,
18,Osaka Metro,長堀鶴見緑地線,松屋町,大阪府大阪市中央区,島式1面2線,1・2番線,可動式ホーム柵,2010/10/01 00:00,,,
19,Osaka Metro,長堀鶴見緑地線,谷町六丁目,大阪府大阪市中央区,島式1面2線,1・2番線,可動式ホーム柵,2010/10/01 00:00,,谷町線ホーム（1・2番線）は未設置,
20,Osaka Metro,長堀鶴見緑地線,玉造,大阪府大阪市天王寺区,島式1面2線,1・2番線,可動式ホーム柵,2010/10/01 00:00,,,
21,Osaka Metro,長堀鶴見緑地線,森ノ宮,大阪府大阪市中央区,島式1面2線,1・2番線,可動式ホーム柵,2010/11/01 00:00,,中央線ホーム（1・2・3番線）は未設置,
22,Osaka Metro,長堀鶴見緑地線,大阪ビジネスパーク ,大阪府大阪市中央区,島式1面2線,1・2番線,可動式ホーム柵,2010/12/01 00:00,,,
23,Osaka Metro,長堀鶴見緑地線,京橋,大阪府大阪市都島区,島式1面2線,1・2番線,可動式ホーム柵,2010/12/01 00:00,,,
,Osaka Metro,長堀鶴見緑地線,蒲生四丁目,大阪府大阪市城東区,島式1面2線,1・2番線,可動式ホーム柵,2010/12/01 00:00,,（参照）【今里筋線】,
24,Osaka Metro,長堀鶴見緑地線,今福鶴見,大阪府大阪市城東区,島式1面2線,1・2番線,可動式ホーム柵,2011/01/01 00:00,,,
25,Osaka Metro,長堀鶴見緑地線,横堤,大阪府大阪市鶴見区,島式1面2線,1・2番線,可動式ホーム柵,2011/02/01 00:00,,,
26,Osaka Metro,長堀鶴見緑地線,鶴見緑地,大阪府大阪市鶴見区,島式1面2線,1・2番線,可動式ホーム柵,2011/02/01 00:00,,,
27,Osaka Metro,長堀鶴見緑地線,門真南,大阪府門真市,島式1面2線,1・2番線,可動式ホーム柵,2011/10/01 00:00,,,
28,Osaka Metro,千日前線,南巽,大阪府大阪市生野区,島式1面2線,1・2番線,可動式ホーム柵,2014/04/01 00:00,,,◎全駅
29,Osaka Metro,千日前線,北巽,大阪府大阪市生野区,島式1面2線,1・2番線,可動式ホーム柵,2014/05/01 00:00,,,
30,Osaka Metro,千日前線,小路,大阪府大阪市生野区,島式1面2線,1・2番線,可動式ホーム柵,2014/06/01 00:00,,,
31,Osaka Metro,千日前線,新深江,大阪府大阪市東成区,島式1面2線,1・2番線,可動式ホーム柵,2014/06/01 00:00,,,
,Osaka Metro,千日前線,今里,大阪府大阪市東成区,島式1面2線,1・2番線,可動式ホーム柵,2014/07/01 00:00,,（参照）【今里筋線】,
32,Osaka Metro,千日前線,鶴橋,大阪府大阪市天王寺区,島式1面2線,1・2番線,可動式ホーム柵,2014/08/01 00:00,,,
33,Osaka Metro,千日前線,谷町九丁目,大阪府大阪市天王寺区,島式1面2線,1・2番線,可動式ホーム柵,2014/08/01 00:00,,谷町線ホーム（1・2番線）は未設置,
34,Osaka Metro,千日前線,日本橋,大阪府大阪市中央区,島式1面2線,1・2番線,可動式ホーム柵,2014/09/01 00:00,,堺筋線ホーム（1・2番線）は未設置,
35,Osaka Metro,千日前線,なんば,大阪府大阪市中央区・浪速区,島式1面2線,1・2番線,可動式ホーム柵,2014/10/01 00:00,○,御堂筋線ホーム（1・2番線）・四つ橋線ホーム（1・2番線）は未設置,
36,Osaka Metro,千日前線,桜川,大阪府大阪市浪速区,島式1面2線,1・2番線,可動式ホーム柵,2014/10/01 00:00,,,
,Osaka Metro,千日前線,西長堀,大阪府大阪市西区,相対式2面2線,1・2番線,可動式ホーム柵,2014/11/01 00:00,,（参照）【長堀鶴見緑地線】,
37,Osaka Metro,千日前線,阿波座,大阪府大阪市西区,相対式2面2線,1・2番線,可動式ホーム柵,2014/11/01 00:00,,中央線ホーム（1・2番線）は未設置,
38,Osaka Metro,千日前線,玉川,大阪府大阪市福島区,相対式2面2線,1・2番線,可動式ホーム柵,2014/12/01 00:00,,,
39,Osaka Metro,千日前線,野田阪神,大阪府大阪市福島区,相対式2面2線,1番線,可動式ホーム柵,2014/12/01 00:00,,2番線は降車ホーム,
40,Osaka Metro,御堂筋線,天王寺,大阪府大阪市阿倍野区・天王寺区,単式1面1線・島式1面2線,1・2･3番線,可動式ホーム柵,2015/02/01 00:00,○,谷町線ホーム（1・2番線）は未設置,△一部の駅
,Osaka Metro,御堂筋線,心斎橋,大阪府大阪市中央区,島式1面2線,1・2番線,可動式ホーム柵,2015/03/01 00:00,○,（参照）【長堀鶴見緑地線】,
41,Osaka Metro,谷町線,東梅田,大阪府大阪市北区,相対式2面2線,1・2番線,可動式ホーム柵,2020/02/01 00:00,○,,△一部の駅
42,Osaka Metro,堺筋線,堺筋本町,大阪府大阪市中央区,相対式2面2線,1・2番線,可動式ホーム柵,2020/02/01 00:00,○,中央線ホーム（1・2番線）は未設置,
1,神戸市交通局,西神・山手線,三宮,兵庫県神戸市中央区,単式二層2面2線,1・2番線,可動式ホーム柵,2018/03/01 00:00,○,,△一部の駅
1,福岡市交通局,空港線,姪浜,福岡県福岡市西区,島式2面4線,1・2・3・4番線,可動式ホーム柵,2004/03/01 00:00,,ＪＲ筑肥線と共用,◎全駅
2,福岡市交通局,空港線,室見,福岡県福岡市早良区,相対式2面2線,1・2番線,可動式ホーム柵,2004/03/01 00:00,,,
3,福岡市交通局,空港線,藤崎,福岡県福岡市早良区,相対式2面2線,1・2番線,可動式ホーム柵,2004/03/01 00:00,,,
4,福岡市交通局,空港線,西新,福岡県福岡市早良区,島式1面2線,1・2番線,可動式ホーム柵,2004/03/01 00:00,,,
5,福岡市交通局,空港線,唐人町,福岡県福岡市中央区,島式1面2線,1・2番線,可動式ホーム柵,2004/03/01 00:00,,,
6,福岡市交通局,空港線,大濠公園,福岡県福岡市中央区,相対式2面2線,1・2番線,可動式ホーム柵,2004/03/01 00:00,,,
7,福岡市交通局,空港線,赤坂,福岡県福岡市中央区,島式1面2線,1・2番線,可動式ホーム柵,2004/03/01 00:00,,,
8,福岡市交通局,空港線,天神,福岡県福岡市中央区,島式1面2線,1・2番線,可動式ホーム柵,2004/03/01 00:00,○,,
9,福岡市交通局,空港線,中洲川端,福岡県福岡市博多区,島式二層2面4線,3・4番線,可動式ホーム柵,2004/03/01 00:00,,箱崎線ホームと路線別の二層構造、箱崎線ホーム（1・2番線）はH18.1に設置,
10,福岡市交通局,空港線,祇園,福岡県福岡市博多区,島式1面2線,1・2番線,可動式ホーム柵,2004/03/01 00:00,,,
11,福岡市交通局,空港線,博多,福岡県福岡市博多区,島式1面2線,1・2番線,可動式ホーム柵,2004/03/01 00:00,○,,
12,福岡市交通局,空港線,東比恵,福岡県福岡市博多区,島式1面2線,1・2番線,可動式ホーム柵,2004/03/01 00:00,,,
13,福岡市交通局,空港線,福岡空港,福岡県福岡市博多区,島式1面2線,1・2番線,可動式ホーム柵,2004/03/01 00:00,,,
,福岡市交通局,箱崎線,中洲川端,福岡県福岡市博多区,島式二層2面4線,1・2番線,可動式ホーム柵,2006/01/01 00:00,,（参照）【福岡市空港線】,
14,福岡市交通局,箱崎線,呉服町,福岡県福岡市博多区,島式1面2線,1・2番線,可動式ホーム柵,2006/01/01 00:00,,,
15,福岡市交通局,箱崎線,千代県庁口,福岡県福岡市博多区,島式1面2線,1・2番線,可動式ホーム柵,2006/01/01 00:00,,,
16,福岡市交通局,箱崎線,馬出九大病院前,福岡県福岡市東区,島式1面2線,1・2番線,可動式ホーム柵,2006/01/01 00:00,,,
17,福岡市交通局,箱崎線,箱崎宮前,福岡県福岡市東区,島式1面2線,1・2番線,可動式ホーム柵,2006/01/01 00:00,,,
18,福岡市交通局,箱崎線,箱崎九大前,福岡県福岡市東区,島式1面2線,1・2番線,可動式ホーム柵,2006/01/01 00:00,,,
19,福岡市交通局,箱崎線,貝塚,福岡県福岡市東区,島式1面2線,1・2番線,可動式ホーム柵,2006/01/01 00:00,,,
20,福岡市交通局,七隈線,橋本,福岡県福岡市西区,島式1面2線・単式1面1線,1・2・3番線,可動式ホーム柵,2005/02/01 00:00,,3番線は降車ホーム,
21,福岡市交通局,七隈線,次郎丸,福岡県福岡市早良区,島式1面2線,1・2番線,可動式ホーム柵,2005/02/01 00:00,,,
22,福岡市交通局,七隈線,賀茂,福岡県福岡市早良区,島式1面2線,1・2番線,可動式ホーム柵,2005/02/01 00:00,,,
23,福岡市交通局,七隈線,野芥,福岡県福岡市早良区,島式1面2線,1・2番線,可動式ホーム柵,2005/02/01 00:00,,,
24,福岡市交通局,七隈線,梅林,福岡県福岡市城南区,島式1面2線,1・2番線,可動式ホーム柵,2005/02/01 00:00,,,
25,福岡市交通局,七隈線,福大前,福岡県福岡市城南区,島式1面2線,1・2番線,可動式ホーム柵,2005/02/01 00:00,,,
26,福岡市交通局,七隈線,七隈,福岡県福岡市城南区,島式1面2線,1・2番線,可動式ホーム柵,2005/02/01 00:00,,,
27,福岡市交通局,七隈線,金山,福岡県福岡市城南区,島式1面2線,1・2番線,可動式ホーム柵,2005/02/01 00:00,,,
28,福岡市交通局,七隈線,茶山,福岡県福岡市城南区,島式1面2線,1・2番線,可動式ホーム柵,2005/02/01 00:00,,,
29,福岡市交通局,七隈線,別府,福岡県福岡市城南区,島式1面2線,1・2番線,可動式ホーム柵,2005/02/01 00:00,,,
30,福岡市交通局,七隈線,六本松,福岡県福岡市中央区,島式1面2線,1・2番線,可動式ホーム柵,2005/02/01 00:00,,,
31,福岡市交通局,七隈線,桜坂,福岡県福岡市中央区,島式1面2線,1・2番線,可動式ホーム柵,2005/02/01 00:00,,,
32,福岡市交通局,七隈線,薬院大通,福岡県福岡市中央区,島式1面2線,1・2番線,可動式ホーム柵,2005/02/01 00:00,,,
33,福岡市交通局,七隈線,薬院,福岡県福岡市中央区,島式1面2線,1・2番線,可動式ホーム柵,2005/02/01 00:00,,,
34,福岡市交通局,七隈線,渡辺通,福岡県福岡市中央区,島式1面2線,1・2番線,可動式ホーム柵,2005/02/01 00:00,,,
35,福岡市交通局,七隈線,天神南,福岡県福岡市中央区,島式1面2線,1・2番線,可動式ホーム柵,2005/02/01 00:00,,1番線は降車ホーム・2番線は乗車ホーム,
1,東京モノレール,羽田空港線,モノレール浜松町,東京都港区,2面1線,乗車ホーム・降車ホーム,可動式ホーム柵,2002/09/01 00:00,○,,◎全駅
2,東京モノレール,羽田空港線,天王洲アイル,東京都品川区,相対式2面2線,上り線・下り線,可動式ホーム柵,2002/09/01 00:00,,,
3,東京モノレール,羽田空港線,大井競馬場前,東京都品川区,相対式2面2線,上り線・下り線,可動式ホーム柵,2002/09/01 00:00,,,
4,東京モノレール,羽田空港線,流通センター,東京都大田区,相対式2面2線,上り線・下り線,可動式ホーム柵,2002/09/01 00:00,,,
5,東京モノレール,羽田空港線,昭和島,東京都大田区,島式2面4線,1・2・3・4番線,可動式ホーム柵,2002/09/01 00:00,,,
6,東京モノレール,羽田空港線,整備場,東京都大田区,相対式2面2線,上り線・下り線,可動式ホーム柵,2002/09/01 00:00,,,
7,東京モノレール,羽田空港線,天空橋,東京都大田区,相対式2面2線,上り線・下り線,可動式ホーム柵,2002/09/01 00:00,,,
8,東京モノレール,羽田空港線,羽田空港第3ターミナル,東京都大田区,相対式2面2線,1・2番線,可動式ホーム柵,2010/10/01 00:00,,,
9,東京モノレール,羽田空港線,新整備場,東京都大田区,相対式2面2線,上り線・下り線,可動式ホーム柵,2002/09/01 00:00,,,
10,東京モノレール,羽田空港線,羽田空港第１ターミナル,東京都大田区,島式1面2線,1・2番線,可動式ホーム柵,2002/09/01 00:00,,,
11,東京モノレール,羽田空港線,羽田空港第２ターミナル,東京都大田区,島式1面2線,1・2番線,可動式ホーム柵,2004/12/01 00:00,,,
1,ゆりかもめ,東京臨海新交通臨海線,新橋,東京都港区,島式1面2線,1・2番線,ホームドア,1995/11/01 00:00,,,◎全駅
2,ゆりかもめ,東京臨海新交通臨海線,汐留,東京都港区,島式1面2線,1・2番線,ホームドア,2002/11/01 00:00,,,
3,ゆりかもめ,東京臨海新交通臨海線,竹芝,東京都港区,相対式2面2線,1・2番線,ホームドア,1995/11/01 00:00,,,
4,ゆりかもめ,東京臨海新交通臨海線,日の出,東京都港区,島式1面2線,1・2番線,ホームドア,1995/11/01 00:00,,,
5,ゆりかもめ,東京臨海新交通臨海線,芝浦ふ頭,東京都港区,島式1面2線,1・2番線,ホームドア,1995/11/01 00:00,,,
6,ゆりかもめ,東京臨海新交通臨海線,お台場海浜公園,東京都港区,島式1面2線,1・2番線,ホームドア,1995/11/01 00:00,,,
7,ゆりかもめ,東京臨海新交通臨海線,台場,東京都港区,島式1面2線,1・2番線,ホームドア,1995/11/01 00:00,,,
8,ゆりかもめ,東京臨海新交通臨海線,東京国際クルーズターミナル,東京都江東区,島式1面2線,1・2番線,ホームドア,1995/11/01 00:00,,,
9,ゆりかもめ,東京臨海新交通臨海線,テレコムセンター,東京都江東区,島式1面2線,1・2番線,ホームドア,1995/11/01 00:00,,,
10,ゆりかもめ,東京臨海新交通臨海線,青海,東京都江東区,島式1面2線,1・2番線,ホームドア,1995/11/01 00:00,,,
11,ゆりかもめ,東京臨海新交通臨海線,東京ビッグサイト,東京都江東区,島式1面2線,1・2番線,ホームドア,1995/11/01 00:00,,,
12,ゆりかもめ,東京臨海新交通臨海線,有明,東京都江東区,島式2面3線,1・2・3・4番線,ホームドア,1995/11/01 00:00,,,
13,ゆりかもめ,東京臨海新交通臨海線,有明テニスの森,東京都江東区,島式1面2線,1・2番線,ホームドア,2006/03/01 00:00,,,
14,ゆりかもめ,東京臨海新交通臨海線,市場前 ,東京都江東区,島式1面2線,1・2番線,ホームドア,2006/03/01 00:00,,,
15,ゆりかもめ,東京臨海新交通臨海線,新豊洲,東京都江東区,島式1面2線,1・2番線,ホームドア,2006/03/01 00:00,,,
16,ゆりかもめ,東京臨海新交通臨海線,豊洲,東京都江東区,島式1面2線,1・2番線,ホームドア,2006/03/01 00:00,,,
1,東京都交通局,日暮里・舎人ライナー,日暮里,東京都荒川区,島式1面2線,1・2番線,ホームドア,2008/03/01 00:00,,,◎全駅
2,東京都交通局,日暮里・舎人ライナー,西日暮里,東京都荒川区,島式1面2線,1・2番線,ホームドア,2008/03/01 00:00,,,
3,東京都交通局,日暮里・舎人ライナー,赤土小学校前,東京都荒川区,島式1面2線,1・2番線,ホームドア,2008/03/01 00:00,,,
4,東京都交通局,日暮里・舎人ライナー,熊野前,東京都荒川区,島式1面2線,1・2番線,ホームドア,2008/03/01 00:00,,,
5,東京都交通局,日暮里・舎人ライナー,足立小台,東京都足立区,島式1面2線,1・2番線,ホームドア,2008/03/01 00:00,,,
6,東京都交通局,日暮里・舎人ライナー,扇大橋,東京都足立区,島式1面2線,1・2番線,ホームドア,2008/03/01 00:00,,,
7,東京都交通局,日暮里・舎人ライナー,高野,東京都足立区,島式1面2線,1・2番線,ホームドア,2008/03/01 00:00,,,
8,東京都交通局,日暮里・舎人ライナー,江北,東京都足立区,島式1面2線,1・2番線,ホームドア,2008/03/01 00:00,,,
9,東京都交通局,日暮里・舎人ライナー,西新井大師西,東京都足立区,島式1面2線,1・2番線,ホームドア,2008/03/01 00:00,,,
10,東京都交通局,日暮里・舎人ライナー,谷在家,東京都足立区,島式1面2線,1・2番線,ホームドア,2008/03/01 00:00,,,
11,東京都交通局,日暮里・舎人ライナー,舎人公園,東京都足立区,島式2面3線,1・2・3・4番線,ホームドア,2008/03/01 00:00,,,
12,東京都交通局,日暮里・舎人ライナー,舎人,東京都足立区,島式1面2線,1・2番線,ホームドア,2008/03/01 00:00,,,
13,東京都交通局,日暮里・舎人ライナー,見沼代親水公園,東京都足立区,島式1面2線,1・2番線,ホームドア,2008/03/01 00:00,,,
1,多摩都市モノレール,多摩モノレール,多摩センター,東京都多摩市,相対式2面2線,1・2番線,可動式ホーム柵,2000/01/01 00:00,,,◎全駅
2,多摩都市モノレール,多摩モノレール,松が谷,東京都八王子市,相対式2面2線,1・2番線,可動式ホーム柵,2000/01/01 00:00,,,
3,多摩都市モノレール,多摩モノレール,大塚・帝京大学,東京都八王子市,相対式2面2線,1・2番線,可動式ホーム柵,2000/01/01 00:00,,,
4,多摩都市モノレール,多摩モノレール,中央大学・明星大学,東京都八王子市,相対式2面2線,1・2番線,可動式ホーム柵,2000/01/01 00:00,,,
5,多摩都市モノレール,多摩モノレール,多摩動物公園,東京都日野市,相対式2面2線,1・2番線,可動式ホーム柵,2000/01/01 00:00,,,
6,多摩都市モノレール,多摩モノレール,程久保,東京都日野市,相対式2面2線,1・2番線,可動式ホーム柵,2000/01/01 00:00,,,
7,多摩都市モノレール,多摩モノレール,高幡不動,東京都日野市,相対式2面2線,1・2番線,可動式ホーム柵,2000/01/01 00:00,,,
8,多摩都市モノレール,多摩モノレール,万願寺,東京都日野市,相対式2面2線,1・2番線,可動式ホーム柵,2000/01/01 00:00,,,
9,多摩都市モノレール,多摩モノレール,甲州街道,東京都日野市,相対式2面2線,1・2番線,可動式ホーム柵,2000/01/01 00:00,,,
10,多摩都市モノレール,多摩モノレール,柴崎体育館,東京都立川市,相対式2面2線,1・2番線,可動式ホーム柵,2000/01/01 00:00,,,
11,多摩都市モノレール,多摩モノレール,立川南,東京都立川市,相対式2面2線,1・2番線,可動式ホーム柵,2000/01/01 00:00,,,
12,多摩都市モノレール,多摩モノレール,立川北,東京都立川市,相対式2面2線,1・2番線,可動式ホーム柵,1998/11/01 00:00,,,
13,多摩都市モノレール,多摩モノレール,高松,東京都立川市,相対式2面2線,1・2番線,可動式ホーム柵,1998/11/01 00:00,,,
14,多摩都市モノレール,多摩モノレール,立飛,東京都立川市,相対式2面2線,1・2番線,可動式ホーム柵,1998/11/01 00:00,,,
15,多摩都市モノレール,多摩モノレール,泉体育館,東京都立川市,相対式2面2線,1・2番線,可動式ホーム柵,1998/11/01 00:00,,,
16,多摩都市モノレール,多摩モノレール,砂川七番,東京都立川市,相対式2面2線,1・2番線,可動式ホーム柵,1998/11/01 00:00,,,
17,多摩都市モノレール,多摩モノレール,玉川上水,東京都東大和市,相対式2面2線,1・2番線,可動式ホーム柵,1998/11/01 00:00,,,
18,多摩都市モノレール,多摩モノレール,桜街道,東京都東大和市,相対式2面2線,1・2番線,可動式ホーム柵,1998/11/01 00:00,,,
19,多摩都市モノレール,多摩モノレール,上北台,東京都東大和市,相対式2面2線,1・2番線,可動式ホーム柵,1998/11/01 00:00,,,
1,舞浜リゾートライン,ディズニーリゾートライン,リゾートゲートウェイ・ステーション,千葉県浦安市,2面1線,乗車ホーム・降車ホーム,可動式ホーム柵,2001/07/01 00:00,,,◎全駅
2,舞浜リゾートライン,ディズニーリゾートライン,東京ディズニーランド・ステーション,千葉県浦安市,単式1面1線,－,可動式ホーム柵,2001/07/01 00:00,,,
3,舞浜リゾートライン,ディズニーリゾートライン,ベイサイド・ステーション,千葉県浦安市,単式1面1線,－,可動式ホーム柵,2001/07/01 00:00,,,
4,舞浜リゾートライン,ディズニーリゾートライン,東京ディズニーシー・ステーション,千葉県浦安市,2面1線,乗車ホーム・降車ホーム,可動式ホーム柵,2001/07/01 00:00,,,
1,横浜ｼｰｻｲﾄﾞﾗｲﾝ,金沢シーサイドライン,新杉田,神奈川県横浜市磯子区,島式1面2線,1・2番線,ホームドア,1989/07/01 00:00,,,◎全駅
2,横浜ｼｰｻｲﾄﾞﾗｲﾝ,金沢シーサイドライン,南部市場,神奈川県横浜市金沢区,島式1面2線,1・2番線,ホームドア,1989/07/01 00:00,,,
3,横浜ｼｰｻｲﾄﾞﾗｲﾝ,金沢シーサイドライン,鳥浜,神奈川県横浜市金沢区,島式1面2線,1・2番線,ホームドア,1989/07/01 00:00,,,
4,横浜ｼｰｻｲﾄﾞﾗｲﾝ,金沢シーサイドライン,並木北,神奈川県横浜市金沢区,島式1面2線,1・2番線,ホームドア,1989/07/01 00:00,,,
5,横浜ｼｰｻｲﾄﾞﾗｲﾝ,金沢シーサイドライン,並木中央,神奈川県横浜市金沢区,島式2面3線,1・2・3・4番線,ホームドア,1989/07/01 00:00,,,
6,横浜ｼｰｻｲﾄﾞﾗｲﾝ,金沢シーサイドライン,幸浦,神奈川県横浜市金沢区,島式1面2線,1・2番線,ホームドア,1989/07/01 00:00,,,
7,横浜ｼｰｻｲﾄﾞﾗｲﾝ,金沢シーサイドライン,産業振興センター,神奈川県横浜市金沢区,島式1面2線,1・2番線,ホームドア,1989/07/01 00:00,,,
8,横浜ｼｰｻｲﾄﾞﾗｲﾝ,金沢シーサイドライン,福浦,神奈川県横浜市金沢区,島式1面2線,1・2番線,ホームドア,1989/07/01 00:00,,,
9,横浜ｼｰｻｲﾄﾞﾗｲﾝ,金沢シーサイドライン,市大医学部,神奈川県横浜市金沢区,島式1面2線,1・2番線,ホームドア,1989/07/01 00:00,,,
10,横浜ｼｰｻｲﾄﾞﾗｲﾝ,金沢シーサイドライン,八景島,神奈川県横浜市金沢区,島式1面2線,1・2番線,ホームドア,1989/07/01 00:00,,,
11,横浜ｼｰｻｲﾄﾞﾗｲﾝ,金沢シーサイドライン,海の公園柴口,神奈川県横浜市金沢区,島式1面2線,1・2番線,ホームドア,1989/07/01 00:00,,,
12,横浜ｼｰｻｲﾄﾞﾗｲﾝ,金沢シーサイドライン,海の公園南口,神奈川県横浜市金沢区,島式1面2線,1・2番線,ホームドア,1989/07/01 00:00,,,
13,横浜ｼｰｻｲﾄﾞﾗｲﾝ,金沢シーサイドライン,野島公園,神奈川県横浜市金沢区,島式1面2線,1・2番線,ホームドア,1989/07/01 00:00,,,
14,横浜ｼｰｻｲﾄﾞﾗｲﾝ,金沢シーサイドライン,金沢八景,神奈川県横浜市金沢区,島式1面2線,2番線,ホームドア,1989/07/01 00:00,,※片線開業のため、2番線のみ使用,
1,愛知高速交通,リニモ東部丘陵線,藤が丘,愛知県名古屋市名東区,島式1面2線,1・2番線,ホームドア,2005/03/01 00:00,,,◎全駅
2,愛知高速交通,リニモ東部丘陵線,はなみずき通,愛知県長久手市,相対式2面2線,1・2番線,ホームドア,2005/03/01 00:00,,,
3,愛知高速交通,リニモ東部丘陵線,杁ヶ池公園,愛知県長久手市,島式1面2線,1・2番線,ホームドア,2005/03/01 00:00,,,
4,愛知高速交通,リニモ東部丘陵線,長久手古戦場,愛知県長久手市,島式1面2線,1・2番線,ホームドア,2005/03/01 00:00,,,
5,愛知高速交通,リニモ東部丘陵線,芸大通,愛知県長久手市,島式1面2線,1・2番線,ホームドア,2005/03/01 00:00,,,
6,愛知高速交通,リニモ東部丘陵線,公園西,愛知県長久手市,島式1面2線,1・2番線,ホームドア,2005/03/01 00:00,,,
7,愛知高速交通,リニモ東部丘陵線,愛・地球博記念公園,愛知県長久手市,島式2面3線,1・2・3・4番線,ホームドア,2005/03/01 00:00,,,
8,愛知高速交通,リニモ東部丘陵線,陶磁資料館南,愛知県豊田市,島式1面2線,1・2番線,ホームドア,2005/03/01 00:00,,,
9,愛知高速交通,リニモ東部丘陵線,八草,愛知県豊田市,島式1面2線,1・2番線,ホームドア,2005/03/01 00:00,,1番線は降車ホーム・2番線は乗車ホーム,
1,Osaka Metro,南港ポートタウン線,コスモスクエア,大阪府大阪市住之江区,島式1面2線,3・4番線,ホームドア,1997/12/01 00:00,,中央線ホーム（1・2番線）は未設置,◎全駅
2,Osaka Metro,南港ポートタウン線,トレードセンター前,大阪府大阪市住之江区,島式1面2線,1・2番線,ホームドア,1997/12/01 00:00,,,
3,Osaka Metro,南港ポートタウン線,中ふ頭,大阪府大阪市住之江区,島式1面2線,1・2番線,ホームドア,1981/03/01 00:00,,,
4,Osaka Metro,南港ポートタウン線,ポートタウン西,大阪府大阪市住之江区,島式1面2線,1・2番線,ホームドア,1981/03/01 00:00,,,
5,Osaka Metro,南港ポートタウン線,ポートタウン東,大阪府大阪市住之江区,島式1面2線,1・2番線,ホームドア,1981/03/01 00:00,,,
6,Osaka Metro,南港ポートタウン線,フェリーターミナル,大阪府大阪市住之江区,島式1面2線,1・2番線,ホームドア,1981/03/01 00:00,,,
7,Osaka Metro,南港ポートタウン線,南港東,大阪府大阪市住之江区,島式1面2線,1・2番線,ホームドア,1981/03/01 00:00,,,
8,Osaka Metro,南港ポートタウン線,南港口,大阪府大阪市住之江区,島式1面2線,1・2番線,ホームドア,1981/03/01 00:00,,,
9,Osaka Metro,南港ポートタウン線,平林,大阪府大阪市住之江区,島式1面2線,1・2番線,ホームドア,1981/03/01 00:00,,,
10,Osaka Metro,南港ポートタウン線,住之江公園,大阪府大阪市住之江区,島式1面2線,1・2番線,ホームドア,1981/03/01 00:00,,四つ橋線ホーム（1・2番線）は未設置,
1,大阪モノレール,大阪モノレール線,大阪空港,大阪府豊中市蛍池西町,島式１面2線,1・2番線,可動式ホーム柵,2020/02/01 00:00,,,△一部の駅
2,大阪モノレール,大阪モノレール線,蛍池,大阪府豊中市蛍池中町,島式１面2線,1・2番線,可動式ホーム柵,2019/12/01 00:00,,,
3,大阪モノレール,大阪モノレール,千里中央,大阪府豊中市,島式1面2線,1・2番線,可動式ホーム柵,2019/03/01 00:00,,,
4,大阪モノレール,大阪モノレール線,山田,大阪府吹田市山田西,島式１面2線,1・2番線,可動式ホーム柵,2020/02/01 00:00,,,
5,大阪モノレール,大阪モノレール線,万博記念公園,大阪府吹田市千里万博公園内,島式2面3線,1・2・3番線,可動式ホーム柵,2020/01/01 00:00,,,
6,大阪モノレール,大阪モノレール線,南茨木,大阪府茨木市天王,島式１面2線,1・2番線,可動式ホーム柵,2019/09/01 00:00,,,
7,大阪モノレール,大阪モノレール線,門真市,大阪府門真市新橋町,島式１面2線,1・2番線,可動式ホーム柵,2019/09/01 00:00,,,
8,大阪モノレール,国際文化公園都市モノレール線,彩都西,大阪府茨木市彩都あさぎ,島式１面2線,1・2番線,可動式ホーム柵,2019/11/01 00:00,,,
1,神戸新交通,ポートアイランド線,三宮,兵庫県兵庫県神戸市中央区,島式1面2線,1・2番線,ホームドア,1981/02/01 00:00,,,◎全駅
2,神戸新交通,ポートアイランド線,貿易センター,兵庫県神戸市中央区,島式1面2線,1・2番線,ホームドア,1981/02/01 00:00,,,
3,神戸新交通,ポートアイランド線,ポートターミナル,兵庫県神戸市中央区,島式1面2線,1・2番線,ホームドア,1981/02/01 00:00,,1番線はH18.2に設置,
4,神戸新交通,ポートアイランド線,中公園,兵庫県神戸市中央区,相対式2面2線・単式1面1線,1・2・3番線,ホームドア,1981/02/01 00:00,,1番線はH18.2に設置,
5,神戸新交通,ポートアイランド線,みなとじま,兵庫県神戸市中央区,相対式2面2線,1・2番線,ホームドア,1981/02/01 00:00,,1番線はH18.2に設置,
6,神戸新交通,ポートアイランド線,市民広場,兵庫県神戸市中央区,相対式2面2線,1・2番線,ホームドア,1981/02/01 00:00,,,
7,神戸新交通,ポートアイランド線,南公園,兵庫県神戸市中央区,単式1面1線,－,ホームドア,1981/02/01 00:00,,,
8,神戸新交通,ポートアイランド線,中埠頭,兵庫県神戸市中央区,島式1面2線,1・2番線,ホームドア,1981/02/01 00:00,,,
9,神戸新交通,ポートアイランド線,北埠頭,兵庫県神戸市中央区,単式1面1線,－,ホームドア,1981/02/01 00:00,,,
10,神戸新交通,ポートアイランド線,医療センター,兵庫県神戸市中央区,島式1面2線,1・2番線,ホームドア,2006/02/01 00:00,,,
11,神戸新交通,ポートアイランド線,京コンピューター前,兵庫県神戸市中央区,島式1面2線,1・2番線,ホームドア,2006/02/01 00:00,,,
12,神戸新交通,ポートアイランド線,神戸空港,兵庫県神戸市中央区,島式1面2線,1・2番線,ホームドア,2006/02/01 00:00,,,
13,神戸新交通,六甲アイランド線,住吉,兵庫県神戸市東灘区,島式1面2線,1・2番線,ホームドア,1990/02/01 00:00,,,
14,神戸新交通,六甲アイランド線,魚崎,兵庫県神戸市東灘区,相対式2面2線,1・2番線,ホームドア,1990/02/01 00:00,,,
15,神戸新交通,六甲アイランド線,南魚崎,兵庫県神戸市東灘区,島式1面2線,1・2番線,ホームドア,1990/02/01 00:00,,,
16,神戸新交通,六甲アイランド線,アイランド北口,兵庫県神戸市東灘区,島式1面2線,1・2番線,ホームドア,1990/02/01 00:00,,,
17,神戸新交通,六甲アイランド線,アイランドセンター,兵庫県神戸市東灘区,島式1面2線,1・2番線,ホームドア,1990/02/01 00:00,,,
18,神戸新交通,六甲アイランド線,マリンパーク,兵庫県神戸市東灘区,島式1面2線,1・2番線,ホームドア,1990/02/01 00:00,,,
1,スカイレールサービス,広島短距離交通瀬野線,みどり口,広島県広島市安芸区,相対式2面2線,乗車ホーム・降車ホーム,ホームドア,1998/08/01 00:00,,,◎全駅
2,スカイレールサービス,広島短距離交通瀬野線,みどり中街,広島県広島市安芸区,相対式2面2線,上り線・下り線,ホームドア,1998/08/01 00:00,,,
3,スカイレールサービス,広島短距離交通瀬野線,みどり中央,広島県広島市安芸区,相対式2面2線,乗車ホーム・降車ホーム,ホームドア,1998/08/01 00:00,,,
1,広島高速交通,広島新交通1号線（アストラムライン）,本通,広島県広島市中区,島式1面2線,1・2番線,ホームドア,1994/08/01 00:00,,,◎全駅
2,広島高速交通,広島新交通1号線（アストラムライン）,県庁前,広島県広島市中区,島式1面2線,1・2番線,ホームドア,1994/08/01 00:00,,,
3,広島高速交通,広島新交通1号線（アストラムライン）,城北,広島県広島市中区,島式1面2線,1・2番線,ホームドア,1994/08/01 00:00,,,
4,広島高速交通,広島新交通1号線（アストラムライン）,白島,広島県広島市中区,島式1面2線,1・2番線,ホームドア,1994/08/01 00:00,,,
5,広島高速交通,広島新交通1号線（アストラムライン）,牛田,広島県広島市東区,島式1面2線,1・2番線,ホームドア,1994/08/01 00:00,,,
6,広島高速交通,広島新交通1号線（アストラムライン）,不動院前,広島県広島市東区,島式1面2線,1・2番線,ホームドア,1994/08/01 00:00,,,
7,広島高速交通,広島新交通1号線（アストラムライン）,祇園新橋北,広島県広島市安佐南区,島式1面2線,1・2番線,ホームドア,1994/08/01 00:00,,,
8,広島高速交通,広島新交通1号線（アストラムライン）,西原,広島県広島市安佐南区,島式1面2線,1・2番線,ホームドア,1994/08/01 00:00,,,
9,広島高速交通,広島新交通1号線（アストラムライン）,中筋,広島県広島市安佐南区,島式1面2線,1・2番線,ホームドア,1994/08/01 00:00,,,
10,広島高速交通,広島新交通1号線（アストラムライン）,古市,広島県広島市安佐南区,島式1面2線,1・2番線,ホームドア,1994/08/01 00:00,,,
11,広島高速交通,広島新交通1号線（アストラムライン）,大町,広島県広島市安佐南区,島式1面2線,1・2番線,ホームドア,1994/08/01 00:00,,,
12,広島高速交通,広島新交通1号線（アストラムライン）,毘沙門台,広島県広島市安佐南区,島式1面2線,1・2番線,ホームドア,1994/08/01 00:00,,,
13,広島高速交通,広島新交通1号線（アストラムライン）,安東,広島県広島市安佐南区,島式1面2線,1・2番線,ホームドア,1994/08/01 00:00,,,
14,広島高速交通,広島新交通1号線（アストラムライン）,上安,広島県広島市安佐南区,島式1面2線,1・2番線,ホームドア,1994/08/01 00:00,,,
15,広島高速交通,広島新交通1号線（アストラムライン）,高取,広島県広島市安佐南区,島式1面2線,1・2番線,ホームドア,1994/08/01 00:00,,,
16,広島高速交通,広島新交通1号線（アストラムライン）,長楽寺,広島県広島市安佐南区,島式1面2線,1・2番線,ホームドア,1994/08/01 00:00,,,
17,広島高速交通,広島新交通1号線（アストラムライン）,伴,広島県広島市安佐南区,島式1面2線,1・2番線,ホームドア,1994/08/01 00:00,,,
18,広島高速交通,広島新交通1号線（アストラムライン）,大原,広島県広島市安佐南区,島式1面2線,1・2番線,ホームドア,1994/08/01 00:00,,,
19,広島高速交通,広島新交通1号線（アストラムライン）,伴中央,広島県広島市安佐南区,島式1面2線,1・2番線,ホームドア,1994/08/01 00:00,,,
20,広島高速交通,広島新交通1号線（アストラムライン）,大塚,広島県広島市安佐南区,島式1面2線,1・2番線,ホームドア,1994/08/01 00:00,,,
21,広島高速交通,広島新交通1号線（アストラムライン）,広域公園前,広島県広島市安佐南区,島式1面2線,1・2番線,ホームドア,1994/08/01 00:00,,1番線は降車ホーム・2番線は乗車ホーム,
22,広島高速交通,広島新交通1号線（アストラムライン）,新白島,広島県広島市中区,島式1面2線,1・2番線,ホームドア,2015/03/01 00:00,,,
1,沖縄都市モノレール,沖縄都市モノレール線,那覇空港,沖縄県那覇市,島式1面2線,1・2番線,可動式ホーム柵,2003/08/01 00:00,,,◎全駅
2,沖縄都市モノレール,沖縄都市モノレール線,赤嶺,沖縄県那覇市,島式1面2線,1・2番線,可動式ホーム柵,2003/08/01 00:00,,,
3,沖縄都市モノレール,沖縄都市モノレール線,小禄,沖縄県那覇市,島式1面2線,1・2番線,可動式ホーム柵,2003/08/01 00:00,,,
4,沖縄都市モノレール,沖縄都市モノレール線,奥武山公園,沖縄県那覇市,島式1面2線,1・2番線,可動式ホーム柵,2003/08/01 00:00,,,
5,沖縄都市モノレール,沖縄都市モノレール線,壺川,沖縄県那覇市,相対式2面2線,1・2番線,可動式ホーム柵,2003/08/01 00:00,,,
6,沖縄都市モノレール,沖縄都市モノレール線,旭橋,沖縄県那覇市,相対式2面2線,1・2番線,可動式ホーム柵,2003/08/01 00:00,,,
7,沖縄都市モノレール,沖縄都市モノレール線,県庁前,沖縄県那覇市,島式1面2線,1・2番線,可動式ホーム柵,2003/08/01 00:00,,,
8,沖縄都市モノレール,沖縄都市モノレール線,美栄橋,沖縄県那覇市,島式1面2線,1・2番線,可動式ホーム柵,2003/08/01 00:00,,,
9,沖縄都市モノレール,沖縄都市モノレール線,牧志,沖縄県那覇市,島式1面2線,1・2番線,可動式ホーム柵,2003/08/01 00:00,,,
10,沖縄都市モノレール,沖縄都市モノレール線,安里,沖縄県那覇市,島式1面2線,1・2番線,可動式ホーム柵,2003/08/01 00:00,,,
11,沖縄都市モノレール,沖縄都市モノレール線,おもろまち,沖縄県那覇市,相対式2面2線,1・2番線,可動式ホーム柵,2003/08/01 00:00,,,
12,沖縄都市モノレール,沖縄都市モノレール線,古島,沖縄県那覇市,相対式2面2線,1・2番線,可動式ホーム柵,2003/08/01 00:00,,,
13,沖縄都市モノレール,沖縄都市モノレール線,市立病院前,沖縄県那覇市,島式1面2線,1・2番線,可動式ホーム柵,2003/08/01 00:00,,,
14,沖縄都市モノレール,沖縄都市モノレール線,儀保,沖縄県那覇市,島式1面2線,1・2番線,可動式ホーム柵,2003/08/01 00:00,,,
15,沖縄都市モノレール,沖縄都市モノレール線,首里,沖縄県那覇市,相対式2面2線,1・2番線,可動式ホーム柵,2003/08/01 00:00,,,
16,沖縄都市モノレール,沖縄都市モノレール線,石嶺,沖縄県那覇市,島式1面2線,1・2番線,可動式ホーム柵,2019/10/01 00:00,,,
17,沖縄都市モノレール,沖縄都市モノレール線,経塚,沖縄県浦添市,島式1面2線,1・2番線,可動式ホーム柵,2019/10/01 00:00,,,
18,沖縄都市モノレール,沖縄都市モノレール線,浦添前田,沖縄県浦添市,島式1面2線,1・2番線,可動式ホーム柵,2019/10/01 00:00,,,
19,沖縄都市モノレール,沖縄都市モノレール線,てだこ浦西,沖縄県浦添市,島式1面2線,1・2番線,可動式ホーム柵,2019/10/01 00:00,,,
