,路線名,駅名,設置年月
0,東海旅客鉄道東海道新幹線,熱海,1974/01/01 00:00
1,西日本旅客鉄道山陽新幹線,新神戸,1977/12/01 00:00
2,神戸新交通ポートアイランド線,南公園,1981/02/01 00:00
3,神戸新交通ポートアイランド線,貿易センター,1981/02/01 00:00
4,神戸新交通ポートアイランド線,ポートターミナル,1981/02/01 00:00
5,神戸新交通ポートアイランド線,中公園,1981/02/01 00:00
6,神戸新交通ポートアイランド線,みなとじま,1981/02/01 00:00
7,神戸新交通ポートアイランド線,市民広場,1981/02/01 00:00
8,神戸新交通ポートアイランド線,中埠頭,1981/02/01 00:00
9,神戸新交通ポートアイランド線,北埠頭,1981/02/01 00:00
10,神戸新交通ポートアイランド線,三宮,1981/02/01 00:00
11,大阪市高速電気軌道南港ポートタウン線,フェリーターミナル,1981/03/01 00:00
12,大阪市高速電気軌道南港ポートタウン線,ポートタウン西,1981/03/01 00:00
13,大阪市高速電気軌道南港ポートタウン線,住之江公園,1981/03/01 00:00
14,大阪市高速電気軌道南港ポートタウン線,中ふ頭,1981/03/01 00:00
15,大阪市高速電気軌道南港ポートタウン線,南港東,1981/03/01 00:00
16,大阪市高速電気軌道南港ポートタウン線,南港口,1981/03/01 00:00
17,大阪市高速電気軌道南港ポートタウン線,ポートタウン東,1981/03/01 00:00
18,大阪市高速電気軌道南港ポートタウン線,平林,1981/03/01 00:00
19,東海旅客鉄道東海道新幹線,新横浜,1985/01/01 00:00
20,東日本旅客鉄道東北新幹線,新花巻,1985/03/01 00:00
21,東日本旅客鉄道東北新幹線,水沢江刺,1985/03/01 00:00
22,横浜シーサイドライン金沢シーサイドライン,海の公園南口,1989/07/01 00:00
23,横浜シーサイドライン金沢シーサイドライン,鳥浜,1989/07/01 00:00
24,横浜シーサイドライン金沢シーサイドライン,並木北,1989/07/01 00:00
25,横浜シーサイドライン金沢シーサイドライン,並木中央,1989/07/01 00:00
26,横浜シーサイドライン金沢シーサイドライン,幸浦,1989/07/01 00:00
27,横浜シーサイドライン金沢シーサイドライン,産業振興センター,1989/07/01 00:00
28,横浜シーサイドライン金沢シーサイドライン,福浦,1989/07/01 00:00
29,横浜シーサイドライン金沢シーサイドライン,市大医学部,1989/07/01 00:00
30,横浜シーサイドライン金沢シーサイドライン,八景島,1989/07/01 00:00
31,横浜シーサイドライン金沢シーサイドライン,新杉田,1989/07/01 00:00
32,横浜シーサイドライン金沢シーサイドライン,野島公園,1989/07/01 00:00
33,横浜シーサイドライン金沢シーサイドライン,金沢八景,1989/07/01 00:00
34,横浜シーサイドライン金沢シーサイドライン,南部市場,1989/07/01 00:00
35,横浜シーサイドライン金沢シーサイドライン,海の公園柴口,1989/07/01 00:00
36,神戸新交通六甲アイランド線,住吉,1990/02/01 00:00
37,神戸新交通六甲アイランド線,南魚崎,1990/02/01 00:00
38,神戸新交通六甲アイランド線,アイランド北口,1990/02/01 00:00
39,神戸新交通六甲アイランド線,アイランドセンター,1990/02/01 00:00
40,神戸新交通六甲アイランド線,マリンパーク,1990/02/01 00:00
41,神戸新交通六甲アイランド線,魚崎,1990/02/01 00:00
42,東日本旅客鉄道東北新幹線,くりこま高原,1990/03/01 00:00
43,埼玉高速鉄道埼玉高速鉄道線,赤羽岩淵,1991/11/01 00:00
44,東京地下鉄南北線,赤羽岩淵,1991/11/01 00:00
45,東京地下鉄南北線,志茂,1991/11/01 00:00
46,東京地下鉄南北線,王子神谷,1991/11/01 00:00
47,東京地下鉄南北線,王子,1991/11/01 00:00
48,東京地下鉄南北線,駒込,1991/11/01 00:00
49,東京地下鉄南北線,西ケ原,1991/11/01 00:00
50,広島高速交通広島新交通1号線,城北,1994/08/01 00:00
51,広島高速交通広島新交通1号線,大町,1994/08/01 00:00
52,広島高速交通広島新交通1号線,毘沙門台,1994/08/01 00:00
53,広島高速交通広島新交通1号線,不動院前,1994/08/01 00:00
54,広島高速交通広島新交通1号線,安東,1994/08/01 00:00
55,広島高速交通広島新交通1号線,上安,1994/08/01 00:00
56,広島高速交通広島新交通1号線,高取,1994/08/01 00:00
57,広島高速交通広島新交通1号線,長楽寺,1994/08/01 00:00
58,広島高速交通広島新交通1号線,伴,1994/08/01 00:00
59,広島高速交通広島新交通1号線,大原,1994/08/01 00:00
60,広島高速交通広島新交通1号線,伴中央,1994/08/01 00:00
61,広島高速交通広島新交通1号線,広域公園前,1994/08/01 00:00
62,広島高速交通広島新交通1号線,大塚,1994/08/01 00:00
63,広島高速交通広島新交通1号線,祇園新橋北,1994/08/01 00:00
64,広島高速交通広島新交通1号線,西原,1994/08/01 00:00
65,広島高速交通広島新交通1号線,中筋,1994/08/01 00:00
66,広島高速交通広島新交通1号線,本通,1994/08/01 00:00
67,広島高速交通広島新交通1号線,県庁前,1994/08/01 00:00
68,広島高速交通広島新交通1号線,古市,1994/08/01 00:00
69,広島高速交通広島新交通1号線,牛田,1994/08/01 00:00
70,広島高速交通広島新交通1号線,白島,1994/08/01 00:00
71,ゆりかもめ東京臨海新交通臨海線,新橋,1995/11/01 00:00
72,ゆりかもめ東京臨海新交通臨海線,芝浦ふ頭,1995/11/01 00:00
73,ゆりかもめ東京臨海新交通臨海線,竹芝,1995/11/01 00:00
74,ゆりかもめ東京臨海新交通臨海線,テレコムセンター,1995/11/01 00:00
75,ゆりかもめ東京臨海新交通臨海線,東京国際クルーズターミナル,1995/11/01 00:00
76,ゆりかもめ東京臨海新交通臨海線,日の出,1995/11/01 00:00
77,ゆりかもめ東京臨海新交通臨海線,台場,1995/11/01 00:00
78,ゆりかもめ東京臨海新交通臨海線,お台場海浜公園,1995/11/01 00:00
79,ゆりかもめ東京臨海新交通臨海線,有明,1995/11/01 00:00
80,ゆりかもめ東京臨海新交通臨海線,東京ビッグサイト,1995/11/01 00:00
81,ゆりかもめ東京臨海新交通臨海線,青海,1995/11/01 00:00
82,東京地下鉄南北線,東大前,1996/03/01 00:00
83,東京地下鉄南北線,後楽園,1996/03/01 00:00
84,東京地下鉄南北線,市ケ谷,1996/03/01 00:00
85,東京地下鉄南北線,四ツ谷,1996/03/01 00:00
86,東京地下鉄南北線,本駒込,1996/03/01 00:00
87,東京地下鉄南北線,飯田橋,1996/03/01 00:00
88,東京地下鉄南北線,永田町,1997/09/01 00:00
89,東京地下鉄南北線,溜池山王,1997/09/01 00:00
90,東日本旅客鉄道北陸新幹線,佐久平,1997/10/01 00:00
91,東日本旅客鉄道北陸新幹線,安中榛名,1997/10/01 00:00
92,東日本旅客鉄道北陸新幹線,上田,1997/10/01 00:00
93,京都市交通局東西線,御陵,1997/10/01 00:00
94,京都市交通局東西線,醍醐,1997/10/01 00:00
95,京都市交通局東西線,小野,1997/10/01 00:00
96,京都市交通局東西線,椥辻,1997/10/01 00:00
97,京都市交通局東西線,東野,1997/10/01 00:00
98,京都市交通局東西線,山科,1997/10/01 00:00
99,京都市交通局東西線,蹴上,1997/10/01 00:00
100,京都市交通局東西線,東山,1997/10/01 00:00
101,京都市交通局東西線,二条,1997/10/01 00:00
102,京都市交通局東西線,三条京阪,1997/10/01 00:00
103,京都市交通局東西線,京都市役所前,1997/10/01 00:00
104,京都市交通局東西線,烏丸御池,1997/10/01 00:00
105,京都市交通局東西線,二条城前,1997/10/01 00:00
106,大阪市高速電気軌道南港ポートタウン線,トレードセンター前,1997/12/01 00:00
107,大阪市高速電気軌道南港ポートタウン線,コスモスクエア,1997/12/01 00:00
108,スカイレールサービス広島短距離交通瀬野線,みどり口,1998/08/01 00:00
109,スカイレールサービス広島短距離交通瀬野線,みどり中央,1998/08/01 00:00
110,スカイレールサービス広島短距離交通瀬野線,みどり中街,1998/08/01 00:00
111,多摩都市モノレール多摩都市モノレール線,高松,1998/11/01 00:00
112,多摩都市モノレール多摩都市モノレール線,立川北,1998/11/01 00:00
113,多摩都市モノレール多摩都市モノレール線,上北台,1998/11/01 00:00
114,多摩都市モノレール多摩都市モノレール線,立飛,1998/11/01 00:00
115,多摩都市モノレール多摩都市モノレール線,桜街道,1998/11/01 00:00
116,多摩都市モノレール多摩都市モノレール線,玉川上水,1998/11/01 00:00
117,多摩都市モノレール多摩都市モノレール線,砂川七番,1998/11/01 00:00
118,多摩都市モノレール多摩都市モノレール線,泉体育館,1998/11/01 00:00
119,多摩都市モノレール多摩都市モノレール線,立川南,2000/01/01 00:00
120,多摩都市モノレール多摩都市モノレール線,柴崎体育館,2000/01/01 00:00
121,多摩都市モノレール多摩都市モノレール線,甲州街道,2000/01/01 00:00
122,多摩都市モノレール多摩都市モノレール線,万願寺,2000/01/01 00:00
123,多摩都市モノレール多摩都市モノレール線,高幡不動,2000/01/01 00:00
124,多摩都市モノレール多摩都市モノレール線,多摩センター,2000/01/01 00:00
125,多摩都市モノレール多摩都市モノレール線,松が谷,2000/01/01 00:00
126,多摩都市モノレール多摩都市モノレール線,程久保,2000/01/01 00:00
127,多摩都市モノレール多摩都市モノレール線,多摩動物公園,2000/01/01 00:00
128,多摩都市モノレール多摩都市モノレール線,中央大学・明星大学,2000/01/01 00:00
129,多摩都市モノレール多摩都市モノレール線,大塚・帝京大学,2000/01/01 00:00
130,東京都交通局三田線,新高島平,2000/04/01 00:00
131,東京都交通局三田線,西高島平,2000/04/01 00:00
132,東京都交通局三田線,高島平,2000/04/01 00:00
133,東京都交通局三田線,志村坂上,2000/05/01 00:00
134,東京都交通局三田線,西台,2000/05/01 00:00
135,東京都交通局三田線,志村三丁目,2000/05/01 00:00
136,東京都交通局三田線,蓮根,2000/05/01 00:00
137,東京都交通局三田線,本蓮沼,2000/05/01 00:00
138,東京都交通局三田線,板橋本町,2000/06/01 00:00
139,東京都交通局三田線,板橋区役所前,2000/06/01 00:00
140,東京都交通局三田線,新板橋,2000/06/01 00:00
141,東京都交通局三田線,西巣鴨,2000/06/01 00:00
142,東京都交通局三田線,千石,2000/06/01 00:00
143,東京都交通局三田線,巣鴨,2000/06/01 00:00
144,東京都交通局三田線,水道橋,2000/07/01 00:00
145,東京都交通局三田線,神保町,2000/07/01 00:00
146,東京都交通局三田線,春日,2000/07/01 00:00
147,東京都交通局三田線,大手町,2000/07/01 00:00
148,東京都交通局三田線,白山,2000/07/01 00:00
149,東急電鉄東急目黒線,田園調布,2000/08/01 00:00
150,東京地下鉄南北線,目黒,2000/08/01 00:00
151,東京都交通局三田線,日比谷,2000/08/01 00:00
152,東京都交通局三田線,内幸町,2000/08/01 00:00
153,東急電鉄東急目黒線,奥沢,2000/08/01 00:00
154,東急電鉄東急目黒線,目黒,2000/08/01 00:00
155,東急電鉄東急目黒線,洗足,2000/08/01 00:00
156,東京都交通局三田線,三田,2000/08/01 00:00
157,東京都交通局三田線,芝公園,2000/08/01 00:00
158,東京都交通局三田線,御成門,2000/08/01 00:00
159,東急電鉄東急目黒線,武蔵小杉,2000/08/01 00:00
160,東急電鉄東急目黒線,大岡山,2000/08/01 00:00
161,東急電鉄東急目黒線,多摩川,2000/08/01 00:00
162,東京都交通局三田線,目黒,2000/08/01 00:00
163,東急電鉄東急目黒線,新丸子,2000/08/01 00:00
164,東京地下鉄南北線,白金台,2000/09/01 00:00
165,東京地下鉄南北線,六本木一丁目,2000/09/01 00:00
166,東京地下鉄南北線,白金高輪,2000/09/01 00:00
167,東京地下鉄南北線,麻布十番,2000/09/01 00:00
168,東京都交通局三田線,白金台,2000/09/01 00:00
169,東京都交通局三田線,白金高輪,2000/09/01 00:00
170,埼玉高速鉄道埼玉高速鉄道線,鳩ヶ谷,2001/03/01 00:00
171,埼玉高速鉄道埼玉高速鉄道線,南鳩ヶ谷,2001/03/01 00:00
172,埼玉高速鉄道埼玉高速鉄道線,新井宿,2001/03/01 00:00
173,埼玉高速鉄道埼玉高速鉄道線,戸塚安行,2001/03/01 00:00
174,埼玉高速鉄道埼玉高速鉄道線,浦和美園,2001/03/01 00:00
175,埼玉高速鉄道埼玉高速鉄道線,東川口,2001/03/01 00:00
176,埼玉高速鉄道埼玉高速鉄道線,川口元郷,2001/03/01 00:00
177,東急電鉄東急目黒線,武蔵小山,2001/06/01 00:00
178,舞浜リゾートラインディズニーリゾートライン,リゾートゲートウェイ・ステーション,2001/07/01 00:00
179,東急電鉄東急目黒線,西小山,2001/07/01 00:00
180,舞浜リゾートラインディズニーリゾートライン,東京ディズニーシー・ステーション,2001/07/01 00:00
181,舞浜リゾートラインディズニーリゾートライン,東京ディズニーランド・ステーション,2001/07/01 00:00
182,舞浜リゾートラインディズニーリゾートライン,ベイサイド・ステーション,2001/07/01 00:00
183,東京地下鉄千代田線,北綾瀬,2002/02/01 00:00
184,東急電鉄東急目黒線,不動前,2002/09/01 00:00
185,東京モノレール東京モノレール羽田線,天空橋,2002/09/01 00:00
186,東京モノレール東京モノレール羽田線,整備場,2002/09/01 00:00
187,東京モノレール東京モノレール羽田線,昭和島,2002/09/01 00:00
188,東京モノレール東京モノレール羽田線,羽田空港第１ターミナル,2002/09/01 00:00
189,東京モノレール東京モノレール羽田線,流通センター,2002/09/01 00:00
190,東京モノレール東京モノレール羽田線,大井競馬場前,2002/09/01 00:00
191,東京モノレール東京モノレール羽田線,天王洲アイル,2002/09/01 00:00
192,東京モノレール東京モノレール羽田線,モノレール浜松町,2002/09/01 00:00
193,東京モノレール東京モノレール羽田線,新整備場,2002/09/01 00:00
194,ゆりかもめ東京臨海新交通臨海線,汐留,2002/11/01 00:00
195,東日本旅客鉄道東北新幹線,八戸,2002/12/01 00:00
196,東日本旅客鉄道東北新幹線,二戸,2002/12/01 00:00
197,東日本旅客鉄道東北新幹線,いわて沼宮内,2002/12/01 00:00
198,名古屋鉄道名鉄小牧線,上飯田,2003/03/01 00:00
199,名古屋市交通局上飯田線,平安通,2003/03/01 00:00
200,名古屋市交通局上飯田線,上飯田,2003/03/01 00:00
201,沖縄都市モノレール沖縄都市モノレール線,首里,2003/08/01 00:00
202,沖縄都市モノレール沖縄都市モノレール線,古島,2003/08/01 00:00
203,沖縄都市モノレール沖縄都市モノレール線,おもろまち,2003/08/01 00:00
204,沖縄都市モノレール沖縄都市モノレール線,安里,2003/08/01 00:00
205,沖縄都市モノレール沖縄都市モノレール線,市立病院前,2003/08/01 00:00
206,沖縄都市モノレール沖縄都市モノレール線,美栄橋,2003/08/01 00:00
207,沖縄都市モノレール沖縄都市モノレール線,県庁前,2003/08/01 00:00
208,沖縄都市モノレール沖縄都市モノレール線,牧志,2003/08/01 00:00
209,沖縄都市モノレール沖縄都市モノレール線,壺川,2003/08/01 00:00
210,沖縄都市モノレール沖縄都市モノレール線,奥武山公園,2003/08/01 00:00
211,沖縄都市モノレール沖縄都市モノレール線,小禄,2003/08/01 00:00
212,沖縄都市モノレール沖縄都市モノレール線,赤嶺,2003/08/01 00:00
213,沖縄都市モノレール沖縄都市モノレール線,那覇空港,2003/08/01 00:00
214,沖縄都市モノレール沖縄都市モノレール線,旭橋,2003/08/01 00:00
215,沖縄都市モノレール沖縄都市モノレール線,儀保,2003/08/01 00:00
216,東海旅客鉄道東海道新幹線,品川,2003/10/01 00:00
217,福岡市交通局空港線,室見,2004/03/01 00:00
218,福岡市交通局空港線,博多,2004/03/01 00:00
219,福岡市交通局空港線,祇園,2004/03/01 00:00
220,九州旅客鉄道九州新幹線,新八代,2004/03/01 00:00
221,福岡市交通局空港線,姪浜,2004/03/01 00:00
222,福岡市交通局空港線,大濠公園,2004/03/01 00:00
223,福岡市交通局空港線,西新,2004/03/01 00:00
224,福岡市交通局空港線,唐人町,2004/03/01 00:00
225,九州旅客鉄道九州新幹線,出水,2004/03/01 00:00
226,福岡市交通局空港線,赤坂,2004/03/01 00:00
227,福岡市交通局空港線,天神,2004/03/01 00:00
228,九州旅客鉄道九州新幹線,新水俣,2004/03/01 00:00
229,九州旅客鉄道九州新幹線,川内,2004/03/01 00:00
230,福岡市交通局空港線,藤崎,2004/03/01 00:00
231,福岡市交通局空港線,東比恵,2004/03/01 00:00
232,福岡市交通局空港線,福岡空港,2004/03/01 00:00
233,福岡市交通局空港線,中洲川端,2004/03/01 00:00
234,九州旅客鉄道九州新幹線,鹿児島中央,2004/03/01 00:00
235,東京地下鉄丸ノ内線分岐線,方南町,2004/05/01 00:00
236,東京地下鉄丸ノ内線分岐線,中野富士見町,2004/05/01 00:00
237,東京地下鉄丸ノ内線分岐線,中野新橋,2004/05/01 00:00
238,東京地下鉄丸ノ内線,中野坂上,2004/05/01 00:00
239,名古屋臨海高速鉄道あおなみ線,荒子川公園,2004/10/01 00:00
240,名古屋臨海高速鉄道あおなみ線,金城ふ頭,2004/10/01 00:00
241,名古屋臨海高速鉄道あおなみ線,名古屋,2004/10/01 00:00
242,名古屋臨海高速鉄道あおなみ線,名古屋競馬場前,2004/10/01 00:00
243,名古屋臨海高速鉄道あおなみ線,中島,2004/10/01 00:00
244,名古屋臨海高速鉄道あおなみ線,南荒子,2004/10/01 00:00
245,名古屋臨海高速鉄道あおなみ線,荒子,2004/10/01 00:00
246,名古屋臨海高速鉄道あおなみ線,小本,2004/10/01 00:00
247,名古屋臨海高速鉄道あおなみ線,稲永,2004/10/01 00:00
248,名古屋臨海高速鉄道あおなみ線,野跡,2004/10/01 00:00
249,名古屋臨海高速鉄道あおなみ線,ささしまライブ,2004/10/01 00:00
250,京都市交通局東西線,石田,2004/11/01 00:00
251,京都市交通局東西線,六地蔵,2004/11/01 00:00
252,東京モノレール東京モノレール羽田線,羽田空港第２ターミナル,2004/12/01 00:00
253,福岡市交通局七隈線,別府,2005/02/01 00:00
254,福岡市交通局七隈線,金山,2005/02/01 00:00
255,福岡市交通局七隈線,七隈,2005/02/01 00:00
256,福岡市交通局七隈線,福大前,2005/02/01 00:00
257,福岡市交通局七隈線,梅林,2005/02/01 00:00
258,福岡市交通局七隈線,六本松,2005/02/01 00:00
259,福岡市交通局七隈線,桜坂,2005/02/01 00:00
260,福岡市交通局七隈線,薬院大通,2005/02/01 00:00
261,福岡市交通局七隈線,薬院,2005/02/01 00:00
262,福岡市交通局七隈線,渡辺通,2005/02/01 00:00
263,福岡市交通局七隈線,野芥,2005/02/01 00:00
264,福岡市交通局七隈線,賀茂,2005/02/01 00:00
265,福岡市交通局七隈線,次郎丸,2005/02/01 00:00
266,福岡市交通局七隈線,天神南,2005/02/01 00:00
267,福岡市交通局七隈線,茶山,2005/02/01 00:00
268,福岡市交通局七隈線,橋本,2005/02/01 00:00
269,愛知高速交通東部丘陵線,杁ヶ池公園,2005/03/01 00:00
270,愛知高速交通東部丘陵線,芸大通,2005/03/01 00:00
271,愛知高速交通東部丘陵線,公園西,2005/03/01 00:00
272,愛知高速交通東部丘陵線,愛・地球博記念公園,2005/03/01 00:00
273,愛知高速交通東部丘陵線,陶磁資料館南,2005/03/01 00:00
274,愛知高速交通東部丘陵線,八草,2005/03/01 00:00
275,愛知高速交通東部丘陵線,藤が丘,2005/03/01 00:00
276,愛知高速交通東部丘陵線,長久手古戦場,2005/03/01 00:00
277,愛知高速交通東部丘陵線,はなみずき通,2005/03/01 00:00
278,首都圏新都市鉄道つくばエクスプレス,南千住,2005/08/01 00:00
279,首都圏新都市鉄道つくばエクスプレス,青井,2005/08/01 00:00
280,首都圏新都市鉄道つくばエクスプレス,新御徒町,2005/08/01 00:00
281,首都圏新都市鉄道つくばエクスプレス,秋葉原,2005/08/01 00:00
282,首都圏新都市鉄道つくばエクスプレス,六町,2005/08/01 00:00
283,首都圏新都市鉄道つくばエクスプレス,八潮,2005/08/01 00:00
284,首都圏新都市鉄道つくばエクスプレス,三郷中央,2005/08/01 00:00
285,首都圏新都市鉄道つくばエクスプレス,南流山,2005/08/01 00:00
286,首都圏新都市鉄道つくばエクスプレス,流山セントラルパーク,2005/08/01 00:00
287,首都圏新都市鉄道つくばエクスプレス,流山おおたかの森,2005/08/01 00:00
288,首都圏新都市鉄道つくばエクスプレス,北千住,2005/08/01 00:00
289,首都圏新都市鉄道つくばエクスプレス,浅草,2005/08/01 00:00
290,首都圏新都市鉄道つくばエクスプレス,つくば,2005/08/01 00:00
291,首都圏新都市鉄道つくばエクスプレス,守谷,2005/08/01 00:00
292,首都圏新都市鉄道つくばエクスプレス,研究学園,2005/08/01 00:00
293,首都圏新都市鉄道つくばエクスプレス,万博記念公園,2005/08/01 00:00
294,首都圏新都市鉄道つくばエクスプレス,柏の葉キャンパス,2005/08/01 00:00
295,首都圏新都市鉄道つくばエクスプレス,柏たなか,2005/08/01 00:00
296,首都圏新都市鉄道つくばエクスプレス,みどりの,2005/08/01 00:00
297,首都圏新都市鉄道つくばエクスプレス,みらい平,2005/08/01 00:00
298,福岡市交通局箱崎線,馬出九大病院前,2006/01/01 00:00
299,福岡市交通局箱崎線,千代県庁口,2006/01/01 00:00
300,福岡市交通局箱崎線,呉服町,2006/01/01 00:00
301,福岡市交通局箱崎線,中洲川端,2006/01/01 00:00
302,福岡市交通局箱崎線,箱崎九大前,2006/01/01 00:00
303,福岡市交通局箱崎線,貝塚,2006/01/01 00:00
304,福岡市交通局箱崎線,箱崎宮前,2006/01/01 00:00
305,神戸新交通ポートアイランド線,神戸空港,2006/02/01 00:00
306,神戸新交通ポートアイランド線,京コンピューター前,2006/02/01 00:00
307,神戸新交通ポートアイランド線,医療センター,2006/02/01 00:00
308,ゆりかもめ東京臨海新交通臨海線,市場前 ,2006/03/01 00:00
309,ゆりかもめ東京臨海新交通臨海線,新豊洲,2006/03/01 00:00
310,ゆりかもめ東京臨海新交通臨海線,豊洲,2006/03/01 00:00
311,ゆりかもめ東京臨海新交通臨海線,有明テニスの森,2006/03/01 00:00
312,名古屋鉄道名鉄空港線,中部国際空港,2006/04/01 00:00
313,東京地下鉄丸ノ内線,南阿佐ケ谷,2006/06/01 00:00
314,東京地下鉄丸ノ内線,荻窪,2006/06/01 00:00
315,東京地下鉄丸ノ内線,東高円寺,2006/07/01 00:00
316,東京地下鉄丸ノ内線,新高円寺,2006/07/01 00:00
317,東京地下鉄丸ノ内線,新中野,2006/08/01 00:00
318,東京地下鉄丸ノ内線,池袋,2006/09/01 00:00
319,東京地下鉄丸ノ内線,西新宿,2006/09/01 00:00
320,東京地下鉄丸ノ内線,新宿,2006/10/01 00:00
321,東京地下鉄丸ノ内線,新宿三丁目,2006/11/01 00:00
322,大阪市高速電気軌道今里筋線,関目成育,2006/12/01 00:00
323,東京地下鉄丸ノ内線,新大塚,2006/12/01 00:00
324,東京地下鉄丸ノ内線,新宿御苑前,2006/12/01 00:00
325,大阪市高速電気軌道今里筋線,新森古市,2006/12/01 00:00
326,大阪市高速電気軌道今里筋線,瑞光四丁目,2006/12/01 00:00
327,大阪市高速電気軌道今里筋線,清水,2006/12/01 00:00
328,大阪市高速電気軌道今里筋線,太子橋今市,2006/12/01 00:00
329,大阪市高速電気軌道今里筋線,今里,2006/12/01 00:00
330,大阪市高速電気軌道今里筋線,緑橋,2006/12/01 00:00
331,大阪市高速電気軌道今里筋線,鴫野,2006/12/01 00:00
332,大阪市高速電気軌道今里筋線,蒲生四丁目,2006/12/01 00:00
333,大阪市高速電気軌道今里筋線,井高野,2006/12/01 00:00
334,大阪市高速電気軌道今里筋線,だいどう豊里,2006/12/01 00:00
335,東京地下鉄丸ノ内線,茗荷谷,2007/02/01 00:00
336,東京地下鉄丸ノ内線,四谷三丁目,2007/02/01 00:00
337,東京地下鉄丸ノ内線,後楽園,2007/03/01 00:00
338,横浜市交通局3号線,三ツ沢上町,2007/04/01 00:00
339,横浜市交通局3号線,新横浜,2007/04/01 00:00
340,横浜市交通局3号線,新羽,2007/04/01 00:00
341,横浜市交通局3号線,北新横浜,2007/04/01 00:00
342,横浜市交通局3号線,片倉町,2007/04/01 00:00
343,横浜市交通局3号線,仲町台,2007/04/01 00:00
344,横浜市交通局3号線,岸根公園,2007/04/01 00:00
345,横浜市交通局3号線,センター北,2007/04/01 00:00
346,横浜市交通局3号線,中川,2007/04/01 00:00
347,横浜市交通局3号線,あざみ野,2007/04/01 00:00
348,横浜市交通局3号線,三ツ沢下町,2007/04/01 00:00
349,東京地下鉄丸ノ内線,本郷三丁目,2007/04/01 00:00
350,横浜市交通局3号線,センター南,2007/04/01 00:00
351,横浜市交通局3号線,横浜,2007/04/01 00:00
352,東京地下鉄丸ノ内線,四ツ谷,2007/05/01 00:00
353,横浜市交通局3号線,関内,2007/05/01 00:00
354,横浜市交通局3号線,桜木町,2007/05/01 00:00
355,横浜市交通局1号線,伊勢佐木長者町,2007/05/01 00:00
356,横浜市交通局3号線,高島町,2007/05/01 00:00
357,東京地下鉄丸ノ内線,御茶ノ水,2007/06/01 00:00
358,横浜市交通局1号線,阪東橋,2007/06/01 00:00
359,横浜市交通局1号線,吉野町,2007/06/01 00:00
360,横浜市交通局1号線,蒔田,2007/06/01 00:00
361,横浜市交通局1号線,弘明寺,2007/06/01 00:00
362,東京地下鉄丸ノ内線,赤坂見附,2007/06/01 00:00
363,東京地下鉄丸ノ内線,淡路町,2007/07/01 00:00
364,横浜市交通局1号線,上大岡,2007/07/01 00:00
365,横浜市交通局1号線,港南中央,2007/07/01 00:00
366,横浜市交通局1号線,上永谷,2007/07/01 00:00
367,東京地下鉄丸ノ内線,大手町,2007/07/01 00:00
368,東京地下鉄丸ノ内線,国会議事堂前,2007/07/01 00:00
369,東京地下鉄丸ノ内線,東京,2007/08/01 00:00
370,横浜市交通局1号線,踊場,2007/08/01 00:00
371,横浜市交通局1号線,舞岡,2007/08/01 00:00
372,横浜市交通局1号線,下永谷,2007/08/01 00:00
373,横浜市交通局1号線,戸塚,2007/08/01 00:00
374,横浜市交通局1号線,中田,2007/09/01 00:00
375,東京地下鉄丸ノ内線,霞ケ関,2007/09/01 00:00
376,東京地下鉄丸ノ内線,銀座,2007/09/01 00:00
377,横浜市交通局1号線,立場,2007/09/01 00:00
378,横浜市交通局1号線,下飯田,2007/09/01 00:00
379,横浜市交通局1号線,湘南台,2007/09/01 00:00
380,京都市交通局東西線,太秦天神川,2008/01/01 00:00
381,京都市交通局東西線,西大路御池,2008/01/01 00:00
382,東京都交通局日暮里・舎人ライナー,熊野前,2008/03/01 00:00
383,東京都交通局日暮里・舎人ライナー,赤土小学校前,2008/03/01 00:00
384,東京都交通局日暮里・舎人ライナー,西日暮里,2008/03/01 00:00
385,東京都交通局日暮里・舎人ライナー,日暮里,2008/03/01 00:00
386,東京都交通局日暮里・舎人ライナー,扇大橋,2008/03/01 00:00
387,東京都交通局日暮里・舎人ライナー,高野,2008/03/01 00:00
388,東京都交通局日暮里・舎人ライナー,足立小台,2008/03/01 00:00
389,東京都交通局日暮里・舎人ライナー,西新井大師西,2008/03/01 00:00
390,東京都交通局日暮里・舎人ライナー,江北,2008/03/01 00:00
391,横浜市交通局グリーンライン,センター南,2008/03/01 00:00
392,横浜市交通局グリーンライン,都筑ふれあいの丘,2008/03/01 00:00
393,横浜市交通局グリーンライン,川和町,2008/03/01 00:00
394,横浜市交通局グリーンライン,中山,2008/03/01 00:00
395,横浜市交通局グリーンライン,東山田,2008/03/01 00:00
396,横浜市交通局グリーンライン,高田,2008/03/01 00:00
397,横浜市交通局グリーンライン,日吉本町,2008/03/01 00:00
398,横浜市交通局グリーンライン,日吉,2008/03/01 00:00
399,東京都交通局日暮里・舎人ライナー,見沼代親水公園,2008/03/01 00:00
400,東京都交通局日暮里・舎人ライナー,舎人,2008/03/01 00:00
401,東京都交通局日暮里・舎人ライナー,舎人公園,2008/03/01 00:00
402,東京都交通局日暮里・舎人ライナー,谷在家,2008/03/01 00:00
403,横浜市交通局グリーンライン,センター北,2008/03/01 00:00
404,横浜市交通局グリーンライン,北山田,2008/03/01 00:00
405,札幌市交通局東西線,南郷7丁目,2008/05/01 00:00
406,東急電鉄東急目黒線,日吉,2008/06/01 00:00
407,東京地下鉄副都心線,新宿三丁目,2008/06/01 00:00
408,東京地下鉄有楽町線,小竹向原,2008/06/01 00:00
409,東急電鉄東急東横線,渋谷,2008/06/01 00:00
410,東京地下鉄副都心線,渋谷,2008/06/01 00:00
411,東京地下鉄副都心線,明治神宮前（原宿）,2008/06/01 00:00
412,東京地下鉄副都心線,小竹向原,2008/06/01 00:00
413,東京地下鉄副都心線,千川,2008/06/01 00:00
414,東京地下鉄副都心線,要町,2008/06/01 00:00
415,東京地下鉄副都心線,池袋,2008/06/01 00:00
416,東京地下鉄副都心線,雑司が谷,2008/06/01 00:00
417,東京地下鉄副都心線,西早稲田,2008/06/01 00:00
418,東京地下鉄副都心線,東新宿,2008/06/01 00:00
419,東急電鉄東急目黒線,元住吉,2008/06/01 00:00
420,東京地下鉄副都心線,北参道,2008/06/01 00:00
421,札幌市交通局東西線,ひばりが丘,2008/09/01 00:00
422,札幌市交通局東西線,新さっぽろ,2008/09/01 00:00
423,札幌市交通局東西線,大谷地,2008/10/01 00:00
424,札幌市交通局東西線,南郷18丁目,2008/10/01 00:00
425,札幌市交通局東西線,南郷13丁目,2008/10/01 00:00
426,札幌市交通局東西線,白石,2008/11/01 00:00
427,札幌市交通局東西線,東札幌,2008/11/01 00:00
428,札幌市交通局東西線,菊水,2008/11/01 00:00
429,札幌市交通局東西線,西18丁目,2008/12/01 00:00
430,札幌市交通局東西線,バスセンター前,2008/12/01 00:00
431,札幌市交通局東西線,大通,2008/12/01 00:00
432,札幌市交通局東西線,西11丁目,2008/12/01 00:00
433,札幌市交通局東西線,円山公園,2009/01/01 00:00
434,札幌市交通局東西線,西28丁目,2009/01/01 00:00
435,札幌市交通局東西線,発寒南,2009/02/01 00:00
436,札幌市交通局東西線,二十四軒,2009/02/01 00:00
437,札幌市交通局東西線,琴似,2009/02/01 00:00
438,札幌市交通局東西線,宮の沢,2009/03/01 00:00
439,仙台市交通局南北線,富沢,2009/10/01 00:00
440,仙台市交通局南北線,長町,2009/10/01 00:00
441,仙台市交通局南北線,長町南,2009/10/01 00:00
442,仙台市交通局南北線,愛宕橋,2009/11/01 00:00
443,仙台市交通局南北線,五橋,2009/11/01 00:00
444,仙台市交通局南北線,河原町,2009/11/01 00:00
445,仙台市交通局南北線,長町一丁目,2009/11/01 00:00
446,仙台市交通局南北線,仙台,2009/12/01 00:00
447,仙台市交通局南北線,広瀬通,2009/12/01 00:00
448,仙台市交通局南北線,北四番丁,2009/12/01 00:00
449,仙台市交通局南北線,勾当台公園,2009/12/01 00:00
450,仙台市交通局南北線,北仙台,2010/01/01 00:00
451,仙台市交通局南北線,台原,2010/01/01 00:00
452,仙台市交通局南北線,旭ヶ丘,2010/01/01 00:00
453,仙台市交通局南北線,泉中央,2010/02/01 00:00
454,仙台市交通局南北線,八乙女,2010/02/01 00:00
455,仙台市交通局南北線,黒松,2010/02/01 00:00
456,東日本旅客鉄道山手線,恵比寿,2010/06/01 00:00
457,大阪市高速電気軌道長堀鶴見緑地線,大正,2010/07/01 00:00
458,大阪市高速電気軌道長堀鶴見緑地線,ドーム前千代崎,2010/08/01 00:00
459,東京地下鉄副都心線,氷川台,2010/08/01 00:00
460,東京地下鉄有楽町線,氷川台,2010/08/01 00:00
461,東日本旅客鉄道山手線,目黒,2010/08/01 00:00
462,大阪市高速電気軌道長堀鶴見緑地線,西長堀,2010/09/01 00:00
463,東京地下鉄有楽町線,地下鉄赤塚,2010/09/01 00:00
464,東京地下鉄有楽町線,平和台,2010/09/01 00:00
465,東京地下鉄副都心線,地下鉄赤塚,2010/09/01 00:00
466,大阪市高速電気軌道長堀鶴見緑地線,西大橋,2010/09/01 00:00
467,東京地下鉄副都心線,平和台,2010/09/01 00:00
468,大阪市高速電気軌道長堀鶴見緑地線,心斎橋,2010/09/01 00:00
469,大阪市高速電気軌道長堀鶴見緑地線,長堀橋,2010/10/01 00:00
470,京浜急行電鉄京急空港線,羽田空港第3ターミナル,2010/10/01 00:00
471,東京地下鉄副都心線,地下鉄成増,2010/10/01 00:00
472,大阪市高速電気軌道長堀鶴見緑地線,松屋町,2010/10/01 00:00
473,東京地下鉄有楽町線,地下鉄成増,2010/10/01 00:00
474,東京モノレール東京モノレール羽田線,羽田空港第3ターミナル,2010/10/01 00:00
475,大阪市高速電気軌道長堀鶴見緑地線,谷町六丁目,2010/10/01 00:00
476,大阪市高速電気軌道長堀鶴見緑地線,玉造,2010/10/01 00:00
477,大阪市高速電気軌道長堀鶴見緑地線,森ノ宮,2010/11/01 00:00
478,大阪市高速電気軌道長堀鶴見緑地線,京橋,2010/12/01 00:00
479,東日本旅客鉄道東北新幹線,七戸十和田,2010/12/01 00:00
480,東日本旅客鉄道東北新幹線,新青森,2010/12/01 00:00
481,大阪市高速電気軌道長堀鶴見緑地線,大阪ビジネスパーク ,2010/12/01 00:00
482,大阪市高速電気軌道長堀鶴見緑地線,蒲生四丁目,2010/12/01 00:00
483,大阪市高速電気軌道長堀鶴見緑地線,今福鶴見,2011/01/01 00:00
484,東京地下鉄有楽町線,池袋,2011/01/01 00:00
485,東京地下鉄有楽町線,要町,2011/01/01 00:00
486,名古屋市交通局桜通線,中村区役所,2011/01/01 00:00
487,大阪市高速電気軌道長堀鶴見緑地線,横堤,2011/02/01 00:00
488,東京地下鉄有楽町線,東池袋,2011/02/01 00:00
489,名古屋市交通局桜通線,名古屋,2011/02/01 00:00
490,名古屋市交通局桜通線,国際センター,2011/02/01 00:00
491,大阪市高速電気軌道長堀鶴見緑地線,鶴見緑地,2011/02/01 00:00
492,西日本旅客鉄道JR東西線,北新地,2011/03/01 00:00
493,九州旅客鉄道九州新幹線,新鳥栖,2011/03/01 00:00
494,九州旅客鉄道九州新幹線,久留米,2011/03/01 00:00
495,九州旅客鉄道九州新幹線,筑後船小屋,2011/03/01 00:00
496,九州旅客鉄道九州新幹線,新大牟田,2011/03/01 00:00
497,九州旅客鉄道九州新幹線,新玉名,2011/03/01 00:00
498,九州旅客鉄道九州新幹線,熊本,2011/03/01 00:00
499,東京地下鉄有楽町線,護国寺,2011/03/01 00:00
500,名古屋市交通局桜通線,徳重,2011/03/01 00:00
501,名古屋市交通局桜通線,相生山,2011/03/01 00:00
502,名古屋市交通局桜通線,鳴子北,2011/03/01 00:00
503,名古屋市交通局桜通線,神沢,2011/03/01 00:00
504,名古屋市交通局桜通線,丸の内,2011/03/01 00:00
505,名古屋市交通局桜通線,久屋大通,2011/03/01 00:00
506,東京都交通局大江戸線,清澄白河,2011/04/01 00:00
507,名古屋市交通局桜通線,高岳,2011/04/01 00:00
508,名古屋市交通局桜通線,車道,2011/04/01 00:00
509,名古屋市交通局桜通線,今池,2011/04/01 00:00
510,名古屋市交通局桜通線,御器所,2011/05/01 00:00
511,名古屋市交通局桜通線,吹上,2011/05/01 00:00
512,名古屋市交通局桜通線,瑞穂運動場西,2011/06/01 00:00
513,名古屋市交通局桜通線,瑞穂区役所,2011/06/01 00:00
514,名古屋市交通局桜通線,桜山,2011/06/01 00:00
515,名古屋市交通局桜通線,鶴里,2011/07/01 00:00
516,名古屋市交通局桜通線,野並,2011/07/01 00:00
517,名古屋市交通局桜通線,新瑞橋,2011/07/01 00:00
518,東京都交通局大江戸線,門前仲町,2011/07/01 00:00
519,名古屋市交通局桜通線,桜本町,2011/07/01 00:00
520,東京地下鉄有楽町線,江戸川橋,2011/08/01 00:00
521,東京都交通局大江戸線,勝どき,2011/08/01 00:00
522,東京都交通局大江戸線,月島,2011/08/01 00:00
523,東京地下鉄有楽町線,飯田橋,2011/09/01 00:00
524,東京都交通局大江戸線,築地市場,2011/09/01 00:00
525,東京地下鉄有楽町線,市ケ谷,2011/10/01 00:00
526,東京都交通局大江戸線,汐留,2011/10/01 00:00
527,大阪市高速電気軌道長堀鶴見緑地線,門真南,2011/10/01 00:00
528,東京都交通局大江戸線,大門,2011/10/01 00:00
529,東京地下鉄有楽町線,麴町,2011/11/01 00:00
530,東京都交通局大江戸線,赤羽橋,2011/11/01 00:00
531,東京都交通局大江戸線,麻布十番,2011/11/01 00:00
532,東京都交通局大江戸線,青山一丁目,2011/12/01 00:00
533,東京都交通局大江戸線,六本木,2011/12/01 00:00
534,東京都交通局大江戸線,国立競技場,2012/01/01 00:00
535,東京都交通局大江戸線,代々木,2012/02/01 00:00
536,東京地下鉄有楽町線,永田町,2012/02/01 00:00
537,東京地下鉄有楽町線,桜田門,2012/02/01 00:00
538,東京都交通局大江戸線,新宿,2012/02/01 00:00
539,東京都交通局大江戸線,森下,2012/03/01 00:00
540,西日本旅客鉄道JR東西線,大阪天満宮,2012/03/01 00:00
541,東京都交通局大江戸線,都庁前,2012/03/01 00:00
542,東急電鉄東急大井町線,大井町,2012/03/01 00:00
543,東京地下鉄有楽町線,有楽町,2012/03/01 00:00
544,東京都交通局大江戸線,両国,2012/04/01 00:00
545,東京都交通局大江戸線,蔵前,2012/04/01 00:00
546,東京地下鉄有楽町線,銀座一丁目,2012/04/01 00:00
547,東京都交通局大江戸線,新御徒町,2012/05/01 00:00
548,東京都交通局大江戸線,上野御徒町,2012/05/01 00:00
549,東京都交通局大江戸線,本郷三丁目,2012/06/01 00:00
550,東京都交通局大江戸線,春日,2012/06/01 00:00
551,東武鉄道東武東上本線,和光市,2012/07/01 00:00
552,東京地下鉄副都心線,和光市,2012/07/01 00:00
553,東京地下鉄有楽町線,和光市,2012/07/01 00:00
554,札幌市交通局南北線,北34条,2012/07/01 00:00
555,札幌市交通局南北線,麻生,2012/07/01 00:00
556,札幌市交通局南北線,北24条,2012/08/01 00:00
557,京王電鉄京王線,布田,2012/08/01 00:00
558,京王電鉄京王線,国領,2012/08/01 00:00
559,東京都交通局大江戸線,飯田橋,2012/08/01 00:00
560,札幌市交通局南北線,北18条,2012/08/01 00:00
561,札幌市交通局南北線,さっぽろ,2012/09/01 00:00
562,京王電鉄京王線,調布,2012/09/01 00:00
563,札幌市交通局南北線,北12条,2012/09/01 00:00
564,小田急電鉄小田急小田原線,新宿,2012/09/01 00:00
565,東京都交通局大江戸線,牛込神楽坂,2012/09/01 00:00
566,東京都交通局大江戸線,牛込柳町,2012/09/01 00:00
567,札幌市交通局南北線,すすきの,2012/10/01 00:00
568,東京都交通局大江戸線,若松河田,2012/10/01 00:00
569,東京都交通局大江戸線,東新宿,2012/10/01 00:00
570,札幌市交通局南北線,大通,2012/10/01 00:00
571,東京都交通局大江戸線,新宿西口,2012/11/01 00:00
572,札幌市交通局南北線,中島公園,2012/11/01 00:00
573,札幌市交通局南北線,幌平橋,2012/11/01 00:00
574,東京都交通局大江戸線,光が丘,2012/12/01 00:00
575,東日本旅客鉄道山手線,大崎,2012/12/01 00:00
576,札幌市交通局南北線,平岸,2012/12/01 00:00
577,東京都交通局大江戸線,練馬春日町,2012/12/01 00:00
578,札幌市交通局南北線,中の島,2012/12/01 00:00
579,東京都交通局大江戸線,豊島園,2013/01/01 00:00
580,東京都交通局大江戸線,練馬,2013/01/01 00:00
581,札幌市交通局南北線,南平岸,2013/01/01 00:00
582,札幌市交通局南北線,澄川,2013/02/01 00:00
583,札幌市交通局南北線,自衛隊前,2013/02/01 00:00
584,東京都交通局大江戸線,新江古田,2013/02/01 00:00
585,東京都交通局大江戸線,落合南長崎,2013/02/01 00:00
586,東日本旅客鉄道山手線,池袋,2013/03/01 00:00
587,京王電鉄京王線,新宿,2013/03/01 00:00
588,東海旅客鉄道東海道新幹線,東京,2013/03/01 00:00
589,札幌市交通局南北線,真駒内,2013/03/01 00:00
590,東京都交通局大江戸線,中井,2013/03/01 00:00
591,東海旅客鉄道東海道新幹線,新大阪,2013/03/01 00:00
592,東京都交通局大江戸線,東中野,2013/03/01 00:00
593,東京都交通局大江戸線,中野坂上,2013/04/01 00:00
594,東京都交通局大江戸線,西新宿五丁目,2013/04/01 00:00
595,東日本旅客鉄道山手線,大塚,2013/04/01 00:00
596,東京地下鉄有楽町線,月島,2013/06/01 00:00
597,東京地下鉄有楽町線,新富町,2013/06/01 00:00
598,東日本旅客鉄道山手線,巣鴨,2013/06/01 00:00
599,東京地下鉄有楽町線,新木場,2013/06/01 00:00
600,東日本旅客鉄道山手線,駒込,2013/08/01 00:00
601,東日本旅客鉄道山手線,新大久保,2013/09/01 00:00
602,東京地下鉄有楽町線,豊洲,2013/10/01 00:00
603,東京地下鉄有楽町線,辰巳,2013/11/01 00:00
604,東日本旅客鉄道山手線,目白,2013/11/01 00:00
605,東急電鉄東急東横線,中目黒,2013/12/01 00:00
606,東日本旅客鉄道山手線,高田馬場,2013/12/01 00:00
607,東京地下鉄有楽町線,千川,2014/02/01 00:00
608,東日本旅客鉄道山手線,田町,2014/03/01 00:00
609,東海旅客鉄道東海道新幹線,名古屋,2014/03/01 00:00
610,東急電鉄東急東横線,学芸大学,2014/03/01 00:00
611,東武鉄道東武野田線,船橋,2014/03/01 00:00
612,大阪市高速電気軌道千日前線,南巽,2014/04/01 00:00
613,大阪市高速電気軌道千日前線,北巽,2014/05/01 00:00
614,東日本旅客鉄道山手線,御徒町,2014/05/01 00:00
615,東日本旅客鉄道山手線,西日暮里,2014/06/01 00:00
616,大阪市高速電気軌道千日前線,小路,2014/06/01 00:00
617,大阪市高速電気軌道千日前線,新深江,2014/06/01 00:00
618,大阪市高速電気軌道千日前線,今里,2014/07/01 00:00
619,大阪市高速電気軌道千日前線,谷町九丁目,2014/08/01 00:00
620,大阪市高速電気軌道千日前線,鶴橋,2014/08/01 00:00
621,東日本旅客鉄道山手線,有楽町,2014/08/01 00:00
622,大阪市高速電気軌道千日前線,日本橋,2014/09/01 00:00
623,大阪市高速電気軌道千日前線,桜川,2014/10/01 00:00
624,大阪市高速電気軌道千日前線,なんば,2014/10/01 00:00
625,東日本旅客鉄道山手線,鶯谷,2014/10/01 00:00
626,大阪市高速電気軌道千日前線,西長堀,2014/11/01 00:00
627,大阪市高速電気軌道千日前線,阿波座,2014/11/01 00:00
628,大阪市高速電気軌道千日前線,玉川,2014/12/01 00:00
629,京都市交通局烏丸線,烏丸御池,2014/12/01 00:00
630,大阪市高速電気軌道千日前線,野田阪神,2014/12/01 00:00
631,東日本旅客鉄道山手線,原宿,2014/12/01 00:00
632,東海旅客鉄道東海道新幹線,京都,2015/01/01 00:00
633,,天王寺,2015/02/01 00:00
634,東日本旅客鉄道山手線,田端,2015/02/01 00:00
635,東急電鉄東急東横線,代官山,2015/02/01 00:00
636,東武鉄道東武野田線,柏,2015/02/01 00:00
637,西日本旅客鉄道北陸新幹線,富山,2015/03/01 00:00
638,西日本旅客鉄道北陸新幹線,黒部宇奈月温泉,2015/03/01 00:00
639,西日本旅客鉄道北陸新幹線,糸魚川,2015/03/01 00:00
640,東日本旅客鉄道八高線,拝島,2015/03/01 00:00
641,広島高速交通広島新交通1号線,新白島,2015/03/01 00:00
642,西日本旅客鉄道北陸新幹線,新高岡,2015/03/01 00:00
643,東日本旅客鉄道山手線,五反田,2015/03/01 00:00
644,横浜高速鉄道みなとみらい21線,横浜駅,2015/03/01 00:00
645,東日本旅客鉄道北陸新幹線,上越妙高,2015/03/01 00:00
646,東急電鉄東急東横線,武蔵小杉,2015/03/01 00:00
647,東急電鉄東急東横線,横浜,2015/03/01 00:00
648,,心斎橋,2015/03/01 00:00
649,西日本旅客鉄道北陸新幹線,金沢,2015/03/01 00:00
650,東日本旅客鉄道北陸新幹線,飯山,2015/03/01 00:00
651,西日本旅客鉄道東海道線,六甲道,2015/04/01 00:00
652,東日本旅客鉄道山手線,秋葉原,2015/06/01 00:00
653,名古屋市交通局東山線,中村公園,2015/09/01 00:00
654,名古屋市交通局東山線,八田,2015/09/01 00:00
655,名古屋市交通局東山線,高畑,2015/09/01 00:00
656,名古屋市交通局東山線,岩塚,2015/09/01 00:00
657,名古屋市交通局東山線,中村日赤,2015/10/01 00:00
658,名古屋市交通局東山線,亀島,2015/10/01 00:00
659,名古屋市交通局東山線,名古屋,2015/10/01 00:00
660,京都市交通局烏丸線,四条,2015/10/01 00:00
661,東日本旅客鉄道山手線,代々木,2015/10/01 00:00
662,名古屋市交通局東山線,本陣,2015/10/01 00:00
663,名古屋市交通局東山線,新栄町,2015/11/01 00:00
664,名古屋市交通局東山線,今池,2015/11/01 00:00
665,名古屋市交通局東山線,千種,2015/11/01 00:00
666,名古屋市交通局東山線,栄,2015/11/01 00:00
667,名古屋市交通局東山線,伏見,2015/11/01 00:00
668,仙台市交通局東西線,青葉山,2015/12/01 00:00
669,仙台市交通局東西線,川内,2015/12/01 00:00
670,仙台市交通局東西線,国際センター,2015/12/01 00:00
671,東急電鉄東急田園都市線,宮前平,2015/12/01 00:00
672,仙台市交通局東西線,八木山動物公園,2015/12/01 00:00
673,東急電鉄東急東横線,新丸子,2015/12/01 00:00
674,仙台市交通局東西線,荒井,2015/12/01 00:00
675,東日本旅客鉄道山手線,上野,2015/12/01 00:00
676,仙台市交通局東西線,仙台,2015/12/01 00:00
677,名古屋市交通局東山線,覚王山,2015/12/01 00:00
678,仙台市交通局東西線,卸町,2015/12/01 00:00
679,京都市交通局烏丸線,京都,2015/12/01 00:00
680,仙台市交通局東西線,青葉通一番町,2015/12/01 00:00
681,仙台市交通局東西線,宮城野通,2015/12/01 00:00
682,仙台市交通局東西線,連坊,2015/12/01 00:00
683,仙台市交通局東西線,大町西公園,2015/12/01 00:00
684,名古屋市交通局東山線,本山,2015/12/01 00:00
685,仙台市交通局東西線,六丁の目,2015/12/01 00:00
686,名古屋市交通局東山線,池下,2015/12/01 00:00
687,京王電鉄京王井の頭線,吉祥寺,2015/12/01 00:00
688,仙台市交通局東西線,薬師堂,2015/12/01 00:00
689,名古屋市交通局東山線,星ヶ丘,2016/01/01 00:00
690,名古屋市交通局東山線,東山公園,2016/01/01 00:00
691,東急電鉄東急東横線,元住吉,2016/02/01 00:00
692,東日本旅客鉄道山手線,神田,2016/02/01 00:00
693,名古屋市交通局東山線,一社,2016/02/01 00:00
694,名古屋市交通局東山線,上社,2016/02/01 00:00
695,名古屋市交通局東山線,本郷,2016/02/01 00:00
696,名古屋市交通局東山線,藤が丘,2016/02/01 00:00
697,北海道旅客鉄道北海道新幹線,新函館北斗,2016/03/01 00:00
698,北海道旅客鉄道北海道新幹線,木古内,2016/03/01 00:00
699,北海道旅客鉄道北海道新幹線,奥津軽いまべつ,2016/03/01 00:00
700,相模鉄道相鉄本線,横浜,2016/03/01 00:00
701,東日本旅客鉄道山手線,日暮里,2016/03/01 00:00
702,東京地下鉄銀座線,上野,2016/03/01 00:00
703,東急電鉄東急東横線,菊名,2016/03/01 00:00
704,西武鉄道西武池袋線,池袋,2016/03/01 00:00
705,西日本旅客鉄道東海道線,高槻,2016/03/01 00:00
706,西日本旅客鉄道JR東西線,京橋,2016/03/01 00:00
707,東急電鉄東急大井町線,溝の口,2016/04/01 00:00
708,東急電鉄東急東横線,大倉山,2016/05/01 00:00
709,東急電鉄東急東横線,都立大学,2016/06/01 00:00
710,東日本旅客鉄道山手線,品川,2016/08/01 00:00
711,札幌市交通局東豊線,栄町,2016/08/01 00:00
712,札幌市交通局東豊線,月寒中央,2016/09/01 00:00
713,札幌市交通局東豊線,福住,2016/09/01 00:00
714,札幌市交通局東豊線,美園,2016/10/01 00:00
715,札幌市交通局東豊線,豊平公園,2016/10/01 00:00
716,東急電鉄東急大井町線,緑が丘,2016/11/01 00:00
717,札幌市交通局東豊線,学園前,2016/11/01 00:00
718,札幌市交通局東豊線,豊水すすきの,2016/11/01 00:00
719,東急電鉄東急東横線,反町,2016/11/01 00:00
720,東急電鉄東急東横線,田園調布,2016/12/01 00:00
721,札幌市交通局東豊線,大通,2016/12/01 00:00
722,東急電鉄東急大井町線,尾山台,2016/12/01 00:00
723,札幌市交通局東豊線,さっぽろ,2016/12/01 00:00
724,札幌市交通局東豊線,北13条東,2017/01/01 00:00
725,札幌市交通局東豊線,東区役所前,2017/02/01 00:00
726,札幌市交通局東豊線,環状通東,2017/02/01 00:00
727,東急電鉄東急東横線,日吉,2017/02/01 00:00
728,札幌市交通局東豊線,新道東,2017/03/01 00:00
729,東急電鉄東急大井町線,中延,2017/03/01 00:00
730,札幌市交通局東豊線,元町,2017/03/01 00:00
731,東日本旅客鉄道東北本線,赤羽,2017/03/01 00:00
732,東急電鉄東急大井町線,上野毛,2017/04/01 00:00
733,東日本旅客鉄道北陸新幹線,軽井沢,2017/04/01 00:00
734,西日本旅客鉄道東海道線,大阪,2017/05/01 00:00
735,東京地下鉄銀座線,浅草,2017/06/01 00:00
736,東急電鉄東急東横線,祐天寺,2017/06/01 00:00
737,東京地下鉄銀座線,稲荷町,2017/07/01 00:00
738,東京地下鉄銀座線,田原町,2017/07/01 00:00
739,東日本旅客鉄道横浜線,町田,2017/07/01 00:00
740,東日本旅客鉄道東北本線,さいたま新都心,2017/09/01 00:00
741,北大阪急行電鉄南北線,千里中央,2017/09/01 00:00
742,東京地下鉄銀座線,上野広小路,2017/09/01 00:00
743,東日本旅客鉄道東北本線,浦和,2017/10/01 00:00
744,東急電鉄東急田園都市線,駒沢大学,2017/10/01 00:00
745,東京地下鉄銀座線,末広町,2017/10/01 00:00
746,東京地下鉄銀座線,神田,2017/11/01 00:00
747,立山黒部貫光鋼索線,黒部平,2017/11/01 00:00
748,東急電鉄東急田園都市線,市が尾,2017/12/01 00:00
749,東急電鉄東急田園都市線,溝の口,2017/12/01 00:00
750,東急電鉄東急田園都市線,三軒茶屋,2017/12/01 00:00
751,東京地下鉄銀座線,青山一丁目,2017/12/01 00:00
752,東京地下鉄銀座線,外苑前,2017/12/01 00:00
753,東日本旅客鉄道東北本線,上野,2017/12/01 00:00
754,東京地下鉄銀座線,赤坂見附,2018/02/01 00:00
755,東京地下鉄東西線,九段下,2018/02/01 00:00
756,北大阪急行電鉄南北線,緑地公園,2018/02/01 00:00
757,東急電鉄東急田園都市線,二子玉川,2018/02/01 00:00
758,東日本旅客鉄道東北本線,大井町,2018/02/01 00:00
759,京成電鉄京成本線,日暮里,2018/02/01 00:00
760,東京地下鉄銀座線,三越前,2018/03/01 00:00
761,東急電鉄東急大井町線,荏原町,2018/03/01 00:00
762,神戸市交通局西神線,三宮,2018/03/01 00:00
763,東急電鉄東急田園都市線,用賀,2018/03/01 00:00
764,西日本旅客鉄道東海道線,ＪＲ総持寺,2018/03/01 00:00
765,東急電鉄東急東横線,妙蓮寺,2018/03/01 00:00
766,東急電鉄東急東横線,自由が丘,2018/03/01 00:00
767,東急電鉄東急東横線,綱島,2018/03/01 00:00
768,東武鉄道東武東上本線,川越,2018/03/01 00:00
769,横浜高速鉄道みなとみらい21線,みなとみらい駅,2018/03/01 00:00
770,北大阪急行電鉄南北線,桃山台,2018/03/01 00:00
771,東京地下鉄銀座線,日本橋,2018/03/01 00:00
772,東京地下鉄半蔵門線,九段下,2018/03/01 00:00
773,東日本旅客鉄道東北本線,鶴見,2018/03/01 00:00
774,東急電鉄東急田園都市線,江田,2018/03/01 00:00
775,東京地下鉄銀座線,銀座,2018/04/01 00:00
776,東京都交通局新宿線,本八幡,2018/04/01 00:00
777,東武鉄道東武東上本線,池袋,2018/04/01 00:00
778,東日本旅客鉄道上越新幹線,新潟,2018/04/01 00:00
779,東京地下鉄銀座線,虎ノ門,2018/05/01 00:00
780,東京都交通局新宿線,篠崎,2018/05/01 00:00
781,東京都交通局新宿線,一之江,2018/06/01 00:00
782,東京都交通局新宿線,瑞江,2018/06/01 00:00
783,東急電鉄東急田園都市線,桜新町,2018/06/01 00:00
784,東京地下鉄東西線,高田馬場,2018/06/01 00:00
785,東京都交通局新宿線,船堀,2018/07/01 00:00
786,東京地下鉄銀座線,溜池山王,2018/07/01 00:00
787,東京地下鉄銀座線,表参道,2018/07/01 00:00
788,東急電鉄東急田園都市線,池尻大橋,2018/07/01 00:00
789,東日本旅客鉄道東北本線,桜木町,2018/08/01 00:00
790,東京都交通局新宿線,東大島,2018/08/01 00:00
791,東京地下鉄半蔵門線,青山一丁目,2018/08/01 00:00
792,東京地下鉄銀座線,京橋,2018/08/01 00:00
793,東京臨海高速鉄道りんかい線,国際展示場,2018/09/01 00:00
794,東日本旅客鉄道東北本線,有楽町,2018/09/01 00:00
795,東京都交通局新宿線,大島,2018/09/01 00:00
796,東京地下鉄銀座線,新橋,2018/09/01 00:00
797,東京都交通局新宿線,西大島,2018/09/01 00:00
798,東急電鉄東急大井町線,九品仏,2018/09/01 00:00
799,東急電鉄東急田園都市線,あざみ野,2018/09/01 00:00
800,東急電鉄東急田園都市線,たまプラーザ,2018/09/01 00:00
801,九州旅客鉄道筑肥線,九大学研都市駅,2018/09/01 00:00
802,東京地下鉄千代田線,代々木公園,2018/10/01 00:00
803,東京地下鉄千代田線,日比谷,2018/10/01 00:00
804,東京地下鉄半蔵門線,表参道,2018/10/01 00:00
805,東京都交通局新宿線,住吉,2018/10/01 00:00
806,,新宿,2018/11/01 00:00
807,東京地下鉄東西線,飯田橋,2018/11/01 00:00
808,東京地下鉄千代田線,二重橋前,2018/11/01 00:00
809,東京都交通局新宿線,森下,2018/11/01 00:00
810,東京都交通局新宿線,菊川,2018/11/01 00:00
811,東日本旅客鉄道東北本線,御徒町,2018/12/01 00:00
812,東日本旅客鉄道総武本線,新小岩,2018/12/01 00:00
813,東急電鉄東急田園都市線,つきみ野,2018/12/01 00:00
814,東京地下鉄千代田線,表参道,2018/12/01 00:00
815,東日本旅客鉄道東北本線,東神奈川,2018/12/01 00:00
816,東日本旅客鉄道東北本線,品川,2018/12/01 00:00
817,京王電鉄京王井の頭線,渋谷,2018/12/01 00:00
818,東京都交通局新宿線,浜町,2018/12/01 00:00
819,近畿日本鉄道近鉄南大阪線,大阪阿部野橋,2018/12/01 00:00
820,東急電鉄東急田園都市線,高津,2018/12/01 00:00
821,東京地下鉄東西線,早稲田,2018/12/01 00:00
822,東京都交通局新宿線,馬喰横山,2019/01/01 00:00
823,東京地下鉄千代田線,湯島,2019/01/01 00:00
824,東日本旅客鉄道東北本線,王子,2019/02/01 00:00
825,東京都交通局新宿線,新宿,2019/02/01 00:00
826,阪急電鉄阪急宝塚本線,十三駅,2019/02/01 00:00
827,東京地下鉄半蔵門線,半蔵門,2019/02/01 00:00
828,東京地下鉄千代田線,大手町,2019/02/01 00:00
829,東日本旅客鉄道東北本線,秋葉原,2019/02/01 00:00
830,東日本旅客鉄道東北本線,南浦和,2019/02/01 00:00
831,東急電鉄東急田園都市線,長津田,2019/03/01 00:00
832,東急電鉄東急田園都市線,渋谷,2019/03/01 00:00
833,東急電鉄東急大井町線,自由が丘,2019/03/01 00:00
834,東急電鉄東急大井町線,二子玉川,2019/03/01 00:00
835,東急電鉄東急大井町線,旗の台,2019/03/01 00:00
836,小田急電鉄小田急小田原線,下北沢,2019/03/01 00:00
837,東京都交通局新宿線,岩本町,2019/03/01 00:00
838,東武鉄道東武東上本線,朝霞,2019/03/01 00:00
839,西日本旅客鉄道山陽線,梅小路京都西,2019/03/01 00:00
840,東急電鉄東急田園都市線,梶が谷,2019/03/01 00:00
841,東京地下鉄千代田線,千駄木,2019/03/01 00:00
842,小田急電鉄小田急小田原線,代々木八幡,2019/03/01 00:00
843,東京地下鉄半蔵門線,永田町,2019/03/01 00:00
844,東京地下鉄半蔵門線,渋谷,2019/03/01 00:00
845,大阪モノレール大阪モノレール線,千里中央,2019/03/01 00:00
846,南海電気鉄道南海高野線,難波,2019/03/01 00:00
847,東京地下鉄東西線,神楽坂,2019/03/01 00:00
848,京成電鉄京成本線,空港第２ビル駅,2019/03/01 00:00
849,横浜高速鉄道みなとみらい21線,日本大通り駅,2019/03/01 00:00
850,京王電鉄京王線,飛田給,2019/03/01 00:00
851,東京地下鉄千代田線,明治神宮前（原宿）,2019/04/01 00:00
852,東京地下鉄東西線,竹橋,2019/04/01 00:00
853,東京地下鉄千代田線,赤坂,2019/04/01 00:00
854,東京都交通局新宿線,小川町,2019/04/01 00:00
855,京浜急行電鉄京急空港線,京急蒲田,2019/04/01 00:00
856,東急電鉄東急大井町線,大岡山,2019/04/01 00:00
857,東日本旅客鉄道東北本線,西日暮里,2019/04/01 00:00
858,東京都交通局新宿線,神保町,2019/04/01 00:00
859,東急電鉄東急田園都市線,藤が丘,2019/05/01 00:00
860,東急電鉄東急田園都市線,田奈,2019/05/01 00:00
861,東急電鉄東急東横線,東白楽,2019/06/01 00:00
862,小田急電鉄小田急小田原線,東北沢,2019/06/01 00:00
863,東急電鉄東急田園都市線,二子新地,2019/06/01 00:00
864,東京都交通局新宿線,九段下,2019/06/01 00:00
865,東京都交通局新宿線,市ヶ谷,2019/06/01 00:00
866,東日本旅客鉄道東北本線,川口,2019/06/01 00:00
867,東京地下鉄千代田線,北千住,2019/06/01 00:00
868,東京都交通局新宿線,曙橋,2019/07/01 00:00
869,東日本旅客鉄道東北本線,西川口,2019/07/01 00:00
870,東京地下鉄千代田線,新御茶ノ水,2019/07/01 00:00
871,東京地下鉄千代田線,西日暮里,2019/08/01 00:00
872,東京都交通局新宿線,新宿三丁目,2019/08/01 00:00
873,東急電鉄東急田園都市線,青葉台,2019/08/01 00:00
874,小田急電鉄小田急小田原線,世田谷代田,2019/09/01 00:00
875,大阪モノレール大阪モノレール線,門真市,2019/09/01 00:00
876,東急電鉄東急田園都市線,南町田グランベリーパーク,2019/09/01 00:00
877,横浜高速鉄道みなとみらい21線,馬車道駅,2019/09/01 00:00
878,東日本旅客鉄道東北本線,大森,2019/09/01 00:00
879,京浜急行電鉄京急本線,横浜,2019/09/01 00:00
880,東急電鉄東急田園都市線,つくし野,2019/09/01 00:00
881,東急電鉄東急田園都市線,宮崎台,2019/09/01 00:00
882,大阪モノレール大阪モノレール線,南茨木,2019/09/01 00:00
883,東京地下鉄東西線,日本橋,2019/09/01 00:00
884,東日本旅客鉄道山手線,新橋,2019/10/01 00:00
885,沖縄都市モノレール沖縄都市モノレール線,石嶺,2019/10/01 00:00
886,東日本旅客鉄道東北本線,神田,2019/10/01 00:00
887,沖縄都市モノレール沖縄都市モノレール線,経塚,2019/10/01 00:00
888,沖縄都市モノレール沖縄都市モノレール線,てだこ浦西,2019/10/01 00:00
889,東急電鉄東急大井町線,北千束,2019/10/01 00:00
890,東京都交通局浅草線,新橋,2019/10/01 00:00
891,東急電鉄東急東横線,多摩川,2019/10/01 00:00
892,東京地下鉄千代田線,代々木上原,2019/10/01 00:00
893,沖縄都市モノレール沖縄都市モノレール線,浦添前田,2019/10/01 00:00
894,相模鉄道相鉄新横浜線,羽沢横浜国大駅,2019/11
895,東京地下鉄千代田線,根津,2019/11/01 00:00
896,京浜急行電鉄京急本線,上大岡,2019/11/01 00:00
897,東日本旅客鉄道東北本線,横浜,2019/11/01 00:00
898,東日本旅客鉄道東北本線,蒲田,2019/11/01 00:00
899,東京都交通局浅草線,大門,2019/11/01 00:00
900,大阪モノレール国際文化公園都市モノレール線,彩都西,2019/11/01 00:00
901,西日本旅客鉄道東海道線,三ノ宮,2019/11/01 00:00
902,東京都交通局浅草線,三田,2019/12/01 00:00
903,西日本旅客鉄道山陽新幹線,岡山,2019/12/01 00:00
904,東日本旅客鉄道東北本線,北浦和,2019/12/01 00:00
905,小田急電鉄小田急小田原線,梅ヶ丘,2019/12/01 00:00
906,東日本旅客鉄道東北本線,新橋,2019/12/01 00:00
907,東急電鉄東急田園都市線,中央林間,2019/12/01 00:00
908,東急電鉄東急田園都市線,すずかけ台,2019/12/01 00:00
909,東急電鉄東急大井町線,下神明,2019/12/01 00:00
910,大阪モノレール大阪モノレール線,蛍池,2019/12/01 00:00
911,大阪モノレール大阪モノレール線,万博記念公園,2020/01/01 00:00
912,,東梅田,2020/02/01 00:00
913,大阪モノレール大阪モノレール線,山田,2020/02/01 00:00
914,東京臨海高速鉄道りんかい線,大井町,2020/02/01 00:00
915,大阪モノレール大阪モノレール線,大阪空港,2020/02/01 00:00
916,西武鉄道西武池袋線,練馬,2020/02/01 00:00
917,大阪市高速電気軌道堺筋線,堺筋本町,2020/02/01 00:00
918,東武鉄道東武東上本線,志木,2020/02/01 00:00
919,東急電鉄東急東横線,白楽,2020/02/01 00:00
920,東急電鉄東急田園都市線,鷺沼,2020/02/01 00:00
921,東日本旅客鉄道東北本線,蕨,2020/02/01 00:00
922,西武鉄道西武新宿線,西武新宿,2020/03/01 00:00
923,東日本旅客鉄道成田線,成田空港駅,2020/03/01 00:00
924,東急電鉄東急大井町線,戸越公園,2020/03/01 00:00
925,東日本旅客鉄道山手線,高輪ゲートウェイ,2020/03/01 00:00
926,小田急電鉄小田急小田原線,代々木上原,2020/03/01 00:00
927,東日本旅客鉄道山手線,浜松町,2020/03/01 00:00
928,東京都交通局浅草線,泉岳寺,2020/03/01 00:00
929,東京地下鉄東西線,門前仲町,2020/03/01 00:00
930,東京地下鉄千代田線,綾瀬,2020/03/01 00:00
931,東急電鉄東急大井町線,等々力,2020/03/01 00:00
932,東京地下鉄千代田線,乃木坂,2020/03/01 00:00
933,東京地下鉄千代田線,国会議事堂前,2020/03/01 00:00
934,東京地下鉄千代田線,霞ケ関,2020/03/01 00:00
935,東京地下鉄千代田線,町屋,2020/03/01 00:00
936,西日本旅客鉄道山陽線,明石,2020/03/01 00:00
937,横浜高速鉄道みなとみらい21線,元町･中華街駅,2020/03/01 00:00
938,東日本旅客鉄道東北本線,高輪ゲートウェイ,2020/03/01 00:00
939,東日本旅客鉄道成田線,空港第２ビル駅,2020/03/01 00:00
940,京浜急行電鉄京急空港線,羽田空港第１・第２ターミナル,Ｈ31.2
